,lon,lat,datetime,adt,ugos,vgos,vgosa,err,sla,ugosa,mag,analysed_sst,analysis_error
0,-78.98439223,27.18793505,2014-11-15,0.7547,-0.1131,-0.1304,-0.1345,0.0301,0.0744,-0.0919,0.172614513,297.909,0.38
1,-78.95282498,27.17238578,2014-11-16,0.761,-0.1161,-0.1199,-0.124,0.0314,0.0807,-0.0948,0.166898832,297.814,0.38
2,-78.92459844,27.15675044,2014-11-17,0.7579,-0.1178,-0.1067,-0.1108,0.033,0.0776,-0.0965,0.158939391,297.907,0.39
3,-78.91246217,27.14615786,2014-11-18,0.7619,-0.0891,-0.052,-0.0562,0.0321,0.0816,-0.0678,0.103163996,298.255,0.4
4,-78.92916575,27.14573839,2014-11-19,0.7529,-0.0526,-0.0374,-0.0415,0.0327,0.0726,-0.0313,0.06454084,299.086,0.41
5,-78.98745872,27.16062035,2014-11-20,0.7529,-0.0468,0.0312,0.027,0.0333,0.0726,-0.0255,0.0562466,299.624,0.41
6,-79.09873853,27.19541617,2014-11-21,0.7732,-0.0292,0.1163,-0.0777,0.0233,0.0977,-0.0172,0.119909674,298.926,0.41
7,-79.2743831,27.25507958,2014-11-22,0.7154,0.0014,0.4804,-0.2118,0.0184,0.1138,0.0252,0.48040204,299.743,0.41
8,-79.39490929,27.30909778,2014-11-23,0.7137,-0.0073,0.4427,-0.2495,0.0182,0.1121,0.0166,0.442760183,299.346,0.4
9,-79.48233566,27.35695499,2014-11-24,0.706,-0.022,0.3936,-0.2986,0.0179,0.1044,0.0019,0.394214358,299.558,0.39
10,-79.49109774,27.38322669,2014-11-25,0.7012,-0.0058,0.3704,-0.3218,0.0178,0.0996,0.0181,0.370445408,299.561,0.39
11,-79.37329968,27.37008661,2014-11-26,0.6988,0.0054,0.3461,-0.3461,0.0177,0.0973,0.0292,0.346142124,299.839,0.39
12,-79.27108191,27.35650795,2014-11-27,0.6957,0.0003,0.3576,-0.3346,0.0178,0.0941,0.0241,0.357600126,299.873,0.38
13,-79.25583472,27.35516011,2014-11-28,0.6862,-0.0022,0.333,-0.3592,0.0178,0.0846,0.0216,0.333007267,299.933,0.39
14,-79.20201259,27.33428513,2014-11-29,0.7337,0.0494,0.3283,0.1246,0.0184,0.0573,0.0539,0.331995858,299.71,0.39
15,-79.14626861,27.31705843,2014-11-30,0.7329,0.0253,0.3415,0.1378,0.0187,0.0564,0.0297,0.342435892,299.159,0.38
16,-79.14639479,27.32614589,2014-12-01,0.7367,0.0138,0.3511,0.1475,0.0191,0.0603,0.0183,0.3513711,299.019,0.38
17,-79.16867927,27.35942524,2014-12-02,0.7423,-0.0086,0.3446,0.1409,0.0193,0.0659,-0.0041,0.344707296,299.407,0.38
18,-79.12635561,27.39681302,2014-12-03,0.7456,-0.029,0.3417,0.138,0.0192,0.0691,-0.0245,0.342928404,299.246,0.39
19,-79.0962681,27.44285587,2014-12-04,0.7476,-0.0558,0.3185,0.1148,0.0187,0.0712,-0.0514,0.323351032,299.227,0.38
20,-79.0676465,27.48742442,2014-12-05,0.7533,-0.0632,0.2644,0.0608,0.0177,0.0769,-0.0587,0.271848487,299.512,0.37
21,-79.09148322,27.53203726,2014-12-06,0.7664,-0.0747,0.2585,0.0726,0.0181,0.0911,-0.0808,0.269076829,299.546,0.37
22,-79.10839818,27.54111245,2014-12-07,0.7692,-0.1077,0.2284,0.0426,0.0173,0.0939,-0.1138,0.252519009,299.441,0.36
23,-79.12841103,27.51998387,2014-12-08,0.7727,-0.119,0.192,0.0061,0.017,0.0974,-0.1251,0.22588714,299.128,0.37
24,-79.11024439,27.44240919,2014-12-09,0.7426,-0.1455,0.0644,-0.1392,0.0152,0.0662,-0.141,0.159115084,298.63,0.38
25,-79.04644587,27.33961317,2014-12-10,0.7448,-0.1387,0.0253,-0.1783,0.0158,0.0684,-0.1342,0.140988581,298.196,0.38
26,-78.9880761,27.23199387,2014-12-11,0.7003,-0.154,0.0562,0.0521,0.024,0.02,-0.1328,0.163934255,296.768,0.39
27,-79.00477093,27.1461908,2014-12-12,0.7156,-0.0883,-0.1002,-0.2942,0.0168,0.0401,-0.0764,0.13355497,296.017,0.39
28,-79.14968962,27.10030801,2014-12-13,0.7103,-0.0881,-0.0859,-0.2799,0.0175,0.0349,-0.0761,0.123046414,297.483,0.39
29,-79.30318806,27.06342431,2014-12-14,0.6912,-0.049,0.3088,-0.3977,0.014,0.0907,-0.0394,0.312663461,298.486,0.37
30,-79.39392334,27.02123244,2014-12-15,0.6778,-0.0483,0.3101,-0.3964,0.0138,0.0773,-0.0387,0.313838971,298.451,0.36
31,-79.44723341,26.97685318,2014-12-16,0.6537,-0.0485,0.3315,-0.3856,0.0127,0.0537,-0.0286,0.335029103,299.025,0.36
32,-79.46986943,26.93067581,2014-12-17,0.6447,-0.0429,0.3563,-0.3608,0.0127,0.0446,-0.023,0.358873376,299.415,0.37
33,-79.46745464,26.88302467,2014-12-18,0.6355,-0.0367,0.3995,-0.3176,0.0129,0.0354,-0.0167,0.401182178,299.439,0.38
34,-79.44561231,26.8342246,2014-12-19,0.6295,-0.0369,0.4073,-0.3098,0.0133,0.0295,-0.0169,0.408968092,299.385,0.38
35,-79.40996567,26.78460098,2014-12-20,0.6296,-0.0354,0.4624,-0.2547,0.0138,0.0296,-0.0154,0.463753081,299.395,0.37
36,-79.36613799,26.73447973,2014-12-21,0.6267,0.0258,0.5442,-0.1723,0.0148,0.0324,0.0605,0.544811233,299.506,0.38
37,-79.32114686,26.68426847,2014-12-22,0.6272,0.0224,0.5574,-0.1591,0.015,0.0329,0.057,0.557849908,299.302,0.38
38,-78.74513869,26.44818354,2015-01-04,0.6972,0.246,0.1281,0.1182,0.0214,0.0714,0.2223,0.277354665,298.502,0.38
39,-78.88391492,26.54045323,2015-01-05,0.6792,0.1468,-0.0401,-0.0211,0.0212,0.018,0.1824,0.152178349,298.585,0.38
40,-79.0969167,26.71177262,2015-01-06,0.6916,-0.0014,0.0979,-0.1115,0.014,0.0291,0.0427,0.09791001,299.134,0.38
41,-79.31543508,26.912771,2015-01-07,0.6526,-0.0255,0.6234,-0.0937,0.0131,0.0526,-0.0055,0.623921317,299.449,0.38
42,-79.48440541,27.10674333,2015-01-08,0.658,-0.0194,0.6702,-0.0363,0.0139,0.0575,-0.0099,0.670480723,299.595,0.38
43,-79.54876304,27.25723061,2015-01-09,0.4949,0.0077,1.17,-0.111,0.0163,0.0633,0.0438,1.170025337,299.702,0.38
44,-79.45344336,27.32793979,2015-01-10,0.6634,-0.0133,0.7257,0.0335,0.0165,0.0618,0.0106,0.725821865,299.498,0.39
45,-79.23382692,27.31249295,2015-01-11,0.7381,-0.0767,0.1837,-0.02,0.0164,0.0617,-0.0722,0.199069284,298.628,0.39
46,-79.19820992,27.28132431,2015-01-12,0.7389,-0.101,0.1851,-0.0186,0.0165,0.0625,-0.0966,0.210862538,298.826,0.39
47,-79.22013838,27.37519474,2015-01-13,0.736,-0.1194,0.2299,0.0262,0.0165,0.0595,-0.1149,0.259056693,298.509,0.38
48,-79.22892019,27.49815518,2015-01-14,0.7355,-0.118,0.2507,0.0471,0.0166,0.059,-0.1135,0.2770821,298.674,0.38
49,-79.20329867,27.57878023,2015-01-15,0.7542,-0.0418,0.3479,0.1621,0.0189,0.0789,-0.0479,0.350402126,298.587,0.39
50,-79.21535228,27.46383051,2015-01-16,0.7299,-0.1247,0.2163,0.0127,0.0171,0.0534,-0.1202,0.249671344,298.897,0.39
51,-79.1908981,27.30211953,2015-01-17,0.728,-0.0975,0.2147,0.011,0.0176,0.0516,-0.093,0.235801484,298.695,0.39
52,-79.3292941,27.53270521,2015-01-18,0.6634,-0.0339,0.6722,-0.0043,0.0198,0.06,-0.0128,0.67305427,298.923,0.39
53,-79.50140182,27.9992581,2015-01-19,0.4889,0.0493,1.2308,-0.0705,0.0158,0.0559,0.108,1.231786966,299.148,0.39
54,-79.65564004,28.58281177,2015-01-20,0.4903,-0.1002,1.1593,-0.0481,0.0238,0.0077,0.03,1.163622159,298.778,0.37
55,-79.74042753,29.16613563,2015-01-21,0.4971,0.0047,1.0673,0.0709,0.0362,-0.0315,0.1064,1.067310348,298.536,0.37
56,-79.7041831,29.63446887,2015-01-22,0.5175,-0.1241,0.9316,0.0043,0.0482,-0.0419,-0.1186,0.939829437,299.209,0.37
57,-79.4953255,29.87496201,2015-01-23,0.6693,-0.0299,0.4115,0.0342,0.0509,-0.0102,-0.066,0.412584852,298.917,0.38
58,-79.06227354,29.7747475,2015-01-24,0.7189,0.0033,0.0622,0.0313,0.0396,0.0054,0.0189,0.062287479,299.224,0.38
59,-78.51133059,29.40736283,2015-01-25,0.7064,0.0814,-0.2344,-0.1622,0.0324,0.0314,0.0837,0.248131659,298.229,0.39
60,-77.98463063,29.3655583,2015-01-26,0.5956,0.2548,-0.1798,-0.2002,0.0166,-0.0735,0.1799,0.311851054,296.634,0.39
61,-77.43452078,29.013975,2015-01-27,0.7142,0.5707,0.2459,0.1582,0.0206,0.0165,0.471,0.621421998,297.501,0.39
62,-77.54099891,28.32005733,2015-01-28,0.9461,0.2555,0.1924,0.0865,0.0188,0.2169,0.2856,0.319840601,296.934,0.39
63,-78.15392924,28.04095196,2015-01-29,0.9068,-0.0292,0.3228,0.2699,0.0185,0.2172,0.0727,0.324118003,296.413,0.38
64,-78.20143842,28.13988424,2015-01-30,0.9093,-0.0004,0.3404,0.2875,0.0183,0.2197,0.1015,0.340400235,296.534,0.38
65,-78.72211363,27.76081795,2015-01-31,0.7473,-0.1285,0.2691,0.2943,0.0225,0.0918,-0.0682,0.298206405,296.971,0.4
66,-79.41163435,27.40042763,2015-02-01,0.6466,0.0246,0.471,-0.2212,0.0166,0.045,0.0485,0.471641983,298.532,0.38
67,-79.58849123,27.58879938,2015-02-02,0.4944,0.0397,1.1758,-0.1138,0.0134,0.0617,0.0771,1.176470029,299.255,0.38
68,-79.51946512,27.90369585,2015-02-03,0.486,-0.0139,1.2554,-0.0459,0.0137,0.053,0.0448,1.255476949,299.293,0.38
69,-79.42829288,28.00121846,2015-02-04,0.6537,-0.0494,0.6543,0.0164,0.0202,0.0519,0.0149,0.656162213,299.025,0.39
70,-79.32525633,28.06844712,2015-02-05,0.658,-0.0378,0.6555,0.0176,0.0213,0.0562,0.0264,0.656588981,298.649,0.4
71,-79.26736664,28.11855325,2015-02-06,0.663,-0.0266,0.6612,0.0233,0.0228,0.0612,0.0376,0.661734841,297.996,0.4
72,-79.28201161,28.25327873,2015-02-07,0.6667,0.0307,0.5474,-0.0259,0.0256,0.0515,0.1222,0.548260203,298.467,0.38
73,-79.28092774,28.59131425,2015-02-08,0.6612,0.0326,0.3978,-0.1296,0.0287,0.0294,0.1066,0.399133562,298.716,0.38
74,-79.4827753,29.38113577,2015-02-09,0.6724,0.064,0.1357,-0.2283,0.0288,0.0078,0.0973,0.150034963,298.634,0.37
75,-79.73780807,30.22993786,2015-02-10,0.5453,0.2336,0.5324,-0.4523,0.0356,-0.005,0.0813,0.581393774,298.34,0.38
76,-79.46359066,30.59757258,2015-02-11,0.5154,0.2232,0.4576,-0.2159,0.047,-0.0871,-0.0438,0.509132596,298.473,0.38
77,-79.34417565,30.52494594,2015-02-12,0.5129,0.2528,0.4379,-0.2355,0.0485,-0.0896,-0.0142,0.505632525,298.428,0.38
78,-79.3815007,30.42312453,2015-02-13,0.568,0.2604,0.3639,-0.1792,0.0444,-0.0807,0.0917,0.4474722,298.456,0.38
79,-79.51467022,30.2167782,2015-02-14,0.5459,0.2674,0.5571,-0.4276,0.041,-0.0044,0.1151,0.617950783,298.361,0.37
80,-79.14204198,30.34501555,2015-02-15,0.6079,0.1574,0.2274,0.0487,0.0537,-0.0973,0.0677,0.276560156,297.902,0.36
81,-78.12489989,30.67791486,2015-02-16,0.6946,-0.0237,0.1952,0.2898,0.0244,0.0018,0.055,0.196633492,296.038,0.38
82,-77.82817632,30.41432958,2015-02-17,0.7545,0.2093,0.2143,0.2499,0.0267,0.0986,0.2639,0.299551298,295.647,0.4
83,-77.41182466,30.31785419,2015-02-18,0.7843,0.0377,0.1206,0.057,0.0227,0.143,0.0927,0.126355253,294.815,0.41
84,-77.54441516,30.24098301,2015-02-19,0.8103,0.0897,-0.0626,-0.0908,0.023,0.1776,0.117,0.109383957,295.036,0.4
85,-77.59744867,29.91731843,2015-02-20,0.8239,-0.024,-0.2184,-0.2602,0.026,0.1908,-0.0325,0.219714724,294.781,0.41
86,-77.45709759,29.72517665,2015-02-21,0.7798,-0.0778,-0.1857,-0.2575,0.0237,0.1303,-0.1534,0.201338844,293.925,0.4
87,-76.86351891,29.95806553,2015-02-22,0.7719,-0.2277,-0.0519,-0.1241,0.0323,0.1061,-0.2633,0.233539932,294.897,0.38
88,-77.31863129,29.22144423,2015-02-23,0.7245,-0.2549,-0.2296,-0.3174,0.0182,0.0268,-0.3546,0.343060009,294.355,0.39
89,-78.19069477,28.17193688,2015-02-24,0.6268,-0.3865,-0.3216,-0.3745,0.0234,-0.0628,-0.2846,0.502800965,296.866,0.38
90,-78.6569989,27.66171836,2015-02-25,0.6454,-0.1442,-0.556,-0.4913,0.0291,-0.0069,-0.1989,0.574395021,296.18,0.38
91,-78.83107333,27.49597827,2015-02-26,0.6901,-0.178,-0.2567,-0.2377,0.0272,0.0097,-0.2035,0.312376199,298.373,0.37
92,-78.98215129,27.26043048,2015-02-27,0.6902,-0.1755,-0.2239,-0.2048,0.026,0.0097,-0.2009,0.284484551,296.907,0.38
93,-79.3091988,26.66331953,2015-02-28,0.5922,0.0356,0.7925,0.076,0.0137,-0.0021,0.0703,0.793299193,298.165,0.39
94,-79.17217886,26.5749304,2015-03-01,0.6668,0.0838,0.2412,0.0318,0.0184,0.0043,0.1279,0.255342672,298.599,0.38
95,-78.72352452,27.11956003,2015-03-02,0.5899,-0.1388,-0.2722,-0.2945,0.024,-0.0825,-0.1256,0.305545872,296.577,0.39
96,-78.42147926,27.62368974,2015-03-03,0.5385,0.0871,-0.3447,-0.3271,0.0199,-0.1089,0.0422,0.355534105,296.886,0.37
97,-78.32016331,27.95935666,2015-03-04,0.5426,-0.0647,-0.3584,-0.3716,0.0207,-0.1135,0.0165,0.364193149,296.815,0.37
98,-78.4736969,27.99969875,2015-03-05,0.5342,-0.0456,-0.3169,-0.3302,0.021,-0.1219,0.0356,0.320163974,297.599,0.37
99,-78.90031995,27.65927058,2015-03-06,0.6882,-0.0537,-0.2829,-0.2225,0.0167,0.0155,-0.088,0.287951558,298.598,0.37
100,-79.09889623,27.55027093,2015-03-07,0.6958,-0.0906,0.3817,0.1958,0.0185,0.0206,-0.0967,0.392305047,298.393,0.37
101,-78.71041414,28.02374971,2015-03-08,0.5865,0.0064,-0.4478,-0.4539,0.0201,-0.0858,0.0868,0.447845732,298.497,0.38
102,-78.6148464,27.82085058,2015-03-09,0.5811,0.0819,-0.558,-0.5328,0.0234,-0.0744,0.1422,0.563978377,298.281,0.38
103,-78.39721647,27.63168891,2015-03-10,0.5392,0.3227,-0.228,-0.2103,0.0287,-0.1082,0.2778,0.395119336,297.593,0.37
104,-78.12748733,27.49505371,2015-03-11,0.6179,0.4417,-0.0296,-0.0019,0.0349,-0.0404,0.3332,0.442690693,298.122,0.37
105,-77.9107089,27.3714888,2015-03-12,0.6223,0.4178,-0.2181,-0.1853,0.0277,-0.031,0.3529,0.471300806,298.279,0.37
106,-77.83952368,27.22886672,2015-03-13,0.7138,0.3473,-0.3046,-0.2265,0.0324,0.035,0.2052,0.461950701,298.475,0.37
107,-77.95725928,27.04447932,2015-03-14,0.7245,0.3511,-0.3408,-0.2626,0.033,0.0457,0.209,0.48930139,297.999,0.38
108,-78.3722921,26.83405052,2015-03-15,0.7766,-0.1177,0.0748,-0.0507,0.0407,0.1031,-0.1075,0.139457269,297.63,0.38
109,-78.85350761,26.75908166,2015-03-16,0.7416,-0.0109,0.2374,0.2442,0.0244,0.07,0.0206,0.2376501,299.043,0.37
110,-79.24138159,26.96435406,2015-03-17,0.7008,0.0589,0.4096,0.2207,0.0193,0.0293,0.0781,0.413813207,298.834,0.37
111,-79.37638982,27.59200698,2015-03-18,0.6085,-0.0905,0.7326,0.0561,0.0207,0.0051,-0.0694,0.738168687,298.947,0.37
112,-79.21836156,28.50247979,2015-03-19,0.6933,-0.0748,0.0757,-0.0436,0.0307,0.0067,-0.0462,0.106421473,298.793,0.39
113,-79.00443811,29.00141131,2015-03-20,0.7262,0.0167,0.1595,0.1022,0.0346,0.0343,0.0159,0.16037188,297.035,0.37
114,-78.95047076,29.61503188,2015-03-21,0.7098,0.1203,0.0932,0.1815,0.0391,0.0187,0.1642,0.152178612,297.51,0.37
115,-78.83529963,29.92834062,2015-03-22,0.6733,0.1199,0.0246,0.1069,0.0368,-0.0291,0.1632,0.12239759,297.78,0.37
116,-78.36948533,30.4210599,2015-03-23,0.7403,-0.316,0.1798,0.3016,0.0202,0.0438,-0.2557,0.363571231,297.321,0.38
117,-78.51899842,30.16963397,2015-03-24,0.6426,0.0025,0.0915,0.2175,0.0294,-0.0575,0.0474,0.091534147,296.808,0.38
118,-79.35644732,29.9016145,2015-03-25,0.6373,0.0841,0.4188,0.0415,0.0402,-0.0423,0.048,0.427160684,297.188,0.38
119,-79.67835963,30.6722648,2015-03-26,0.4587,0.2316,1.0726,-0.0915,0.026,0.02,-0.1759,1.097319151,298.534,0.39
120,-78.79481388,31.3418184,2015-03-27,0.5276,0.6429,0.5918,0.0388,0.021,-0.0388,-0.0078,0.873812137,297.476,0.4
121,-78.01433276,31.21869852,2015-03-28,0.7511,0.2242,0.0568,0.1165,0.0281,0.0371,0.2152,0.231283117,296.963,0.39
122,-77.70214084,30.74232954,2015-03-29,0.6667,0.0417,-0.2074,-0.2221,0.02,0.0043,0.1085,0.211550585,296.193,0.38
123,-77.67393695,30.28575309,2015-03-30,0.7161,0.29,-0.0121,-0.0354,0.0183,0.0711,0.3413,0.290252321,297.081,0.37
124,-78.03673309,29.6937063,2015-03-31,0.7553,-0.0867,0.0703,0.121,0.0195,0.0915,-0.116,0.111619801,296.804,0.37
125,-78.39867664,29.2804896,2015-04-01,0.7032,-0.3353,-0.1952,-0.1297,0.0201,0.0237,-0.3581,0.387980837,297.517,0.37
126,-78.75856923,29.1687095,2015-04-02,0.7278,-0.1015,-0.2571,-0.1961,0.0284,0.0457,-0.1156,0.276410311,297.489,0.39
127,-79.02828515,29.08215375,2015-04-03,0.7565,-0.0407,0.1395,0.0822,0.0266,0.0646,-0.0414,0.145316,298.065,0.38
128,-79.05818776,28.97794753,2015-04-04,0.756,-0.0505,0.0397,-0.0434,0.0278,0.0658,-0.0526,0.064236594,298.139,0.37
129,-78.95801541,28.75776377,2015-04-05,0.7135,-0.0359,-0.4506,-0.4113,0.0307,0.0274,-0.0616,0.452027842,298.878,0.38
130,-78.23978696,28.71981885,2015-04-06,0.6225,0.2058,0.7006,0.6245,0.0238,-0.0835,0.1542,0.730201342,297.542,0.39
131,-77.77445819,28.94154281,2015-04-07,0.7302,0.3497,0.7729,0.6946,0.0209,0.0274,0.2471,0.848330419,297.999,0.38
132,-77.79866245,29.09323387,2015-04-08,0.6924,0.3056,0.626,0.5739,0.0192,0.006,0.2126,0.696611341,297.674,0.39
133,-77.99541204,29.11309292,2015-04-09,0.7161,0.3645,0.5889,0.5368,0.019,0.0297,0.2715,0.692577404,297.488,0.38
134,-78.35110649,28.90525097,2015-04-10,0.5853,0.0091,0.3612,0.33,0.0228,-0.102,-0.0385,0.361314614,298.424,0.38
135,-78.74791387,28.65599985,2015-04-11,0.5591,-0.0209,-0.307,-0.3009,0.0281,-0.1255,-0.0465,0.307710595,298.866,0.39
136,-79.02731253,28.38992417,2015-04-12,0.7478,0.0261,-0.2477,-0.415,0.0244,0.07,0.0752,0.249071275,298.995,0.39
137,-79.23846176,28.07712368,2015-04-13,0.7498,0.0334,-0.1119,-0.3142,0.024,0.0796,0.0736,0.116778294,299.669,0.39
138,-79.4000097,27.77600292,2015-04-14,0.6999,-0.0724,0.7624,0.09,0.0226,0.0999,-0.0463,0.765829955,299.795,0.39
139,-79.52451931,27.53847467,2015-04-15,0.5041,-0.0584,1.4774,0.1878,0.0161,0.0713,-0.021,1.478553793,299.854,0.39
140,-79.62455356,27.41682429,2015-04-16,0.5038,-0.0406,1.4393,0.1583,0.0187,0.0722,-0.0045,1.439872512,300.035,0.38
141,-79.71267542,27.46327825,2015-04-17,0.5114,-0.0192,1.3917,0.1106,0.0194,0.0798,0.0169,1.391832436,300.141,0.4
142,-79.80144788,27.72933088,2015-04-18,0.2659,-0.0297,1.4475,0.2065,0.0225,0.0557,-0.0014,1.447804662,299.892,0.4
143,-80.06428163,28.07070872,2015-04-19,0.0574,-0.0286,0.7166,0.1815,0.0214,0.0157,0.0295,0.717170496,299.659,0.41
144,-79.1388729,29.82159174,2015-04-25,0.7182,-0.1078,0.0438,0.0129,0.0298,0.0048,-0.0923,0.116358412,299.219,0.38
145,-77.26263482,30.10343707,2015-04-26,0.6156,0.533,0.4428,0.3597,0.024,-0.0171,0.5627,0.69293639,298.846,0.38
146,-76.42825246,30.18831707,2015-04-27,0.8059,0.5672,-0.2487,-0.2676,0.0251,0.1219,0.5791,0.619328289,298.496,0.4
147,-76.45586989,30.16431381,2015-04-28,0.7998,0.5608,-0.2167,-0.2357,0.0252,0.1158,0.5728,0.601211718,297.88,0.4
148,-76.25901777,30.31838518,2015-04-29,0.6828,0.4308,-0.2935,-0.3015,0.0247,-0.0002,0.4687,0.521278131,297.601,0.39
149,-75.96122326,30.40665339,2015-04-30,0.5384,0.3311,-0.5509,-0.5309,0.0303,-0.1424,0.3633,0.642742577,296.469,0.39
150,-76.22809436,29.78543936,2015-05-01,0.8549,0.4731,-0.3966,-0.3488,0.0264,0.1681,0.468,0.61734526,298.351,0.38
151,-76.37683968,29.43672867,2015-05-02,0.9412,-0.2521,0.0363,0.1104,0.0291,0.2419,-0.2654,0.25470002,298.171,0.38
152,-76.6888727,29.4474927,2015-05-03,0.9148,-0.178,0.1926,0.2286,0.0441,0.2038,-0.2333,0.262257049,297.916,0.37
153,-76.89267073,29.58431771,2015-05-04,0.8427,0.1546,0.3342,0.2548,0.043,0.1595,0.0636,0.368226561,298.063,0.38
154,-77.25063945,29.8153908,2015-05-05,0.721,0.16,0.148,0.0653,0.0231,0.0861,0.1434,0.217954124,298.401,0.39
155,-77.6730957,29.79112544,2015-05-06,0.7238,0.0078,-0.0687,-0.1106,0.0254,0.0907,-0.0007,0.069141377,298.231,0.4
156,-78.07939785,29.6166796,2015-05-07,0.7611,-0.5145,-0.2672,-0.2165,0.0188,0.0974,-0.5438,0.579746574,297.591,0.4
157,-78.4126732,29.33909131,2015-05-08,0.7224,-0.2726,-0.2724,-0.2069,0.0249,0.0428,-0.2954,0.385373222,297.684,0.38
158,-78.62671503,29.0179921,2015-05-09,0.7385,0.1521,-0.1865,-0.1379,0.0324,0.0628,0.1331,0.240658804,298.203,0.38
159,-79.02761842,29.29210176,2015-05-10,0.7618,-0.0731,0.0806,0.0613,0.0248,0.0641,-0.0595,0.108811626,298.524,0.37
160,-79.38417445,29.72865562,2015-05-11,0.7358,-0.0366,0.3768,0.0381,0.0454,0.0611,-0.0221,0.378573375,298.604,0.38
161,-79.60635874,30.28473222,2015-05-12,0.5677,0.244,0.9144,-0.1466,0.062,0.0573,-0.0193,0.946394928,300.514,0.38
162,-79.49511577,30.40804496,2015-05-13,0.7035,0.1976,0.4348,-0.1083,0.0566,0.0548,0.0288,0.477594807,300.553,0.38
163,-79.47292959,30.60083551,2015-05-14,0.6722,0.238,0.5691,-0.1044,0.0606,0.0697,-0.029,0.616862067,300.449,0.38
164,-78.35702836,30.49668151,2015-05-15,0.8669,0.2517,-0.0093,0.1125,0.021,0.1704,0.3121,0.251871753,298.918,0.38
165,-78.08500046,30.51528373,2015-05-16,0.8136,0.2234,-0.2134,-0.1188,0.0293,0.1208,0.3021,0.308945173,298.387,0.39
166,-78.13205972,30.27217294,2015-05-17,0.8777,0.1496,-0.1835,-0.0948,0.0205,0.2049,0.2136,0.236753902,298.164,0.38
167,-77.98800212,30.24211556,2015-05-18,0.8578,-0.0768,-0.1252,-0.0953,0.0192,0.2162,-0.0475,0.146878453,298.817,0.39
168,-77.74560021,30.57235346,2015-05-19,0.778,0.3726,-0.4528,-0.4674,0.0298,0.1156,0.4395,0.586394577,300.273,0.39
169,-77.49942458,30.75753147,2015-05-20,0.6224,0.2934,-0.5948,-0.6432,0.0231,-0.051,0.3577,0.663227412,300.288,0.39
170,-76.94267251,30.61693481,2015-05-21,0.7006,0.6917,0.1632,0.0836,0.0263,0.0246,0.7534,0.710692008,299.997,0.38
171,-77.10351933,30.75068845,2015-05-22,0.6007,0.4202,-0.2352,-0.3162,0.0238,-0.076,0.4727,0.48154655,300.532,0.38
172,-77.59981244,30.92946334,2015-05-23,0.8369,0.2805,-0.4584,-0.4658,0.0314,0.1576,0.356,0.537411211,300.131,0.38
173,-77.81558699,30.42495169,2015-05-24,0.9869,0.0222,-0.129,-0.0934,0.0233,0.331,0.0767,0.130896295,299.842,0.39
174,-78.16216146,29.93738973,2015-05-25,0.897,-0.5024,0.0034,0.0746,0.0145,0.2386,-0.4963,0.502411505,299.409,0.38
175,-78.6431123,29.67770093,2015-05-26,0.7675,-0.2589,0.1221,0.2326,0.0352,0.0898,-0.2406,0.28624748,299.355,0.38
176,-79.10738209,29.56702127,2015-05-27,0.7743,-0.0447,-0.0752,-0.0704,0.0194,0.0683,-0.0127,0.08748217,300.301,0.38
177,-79.43186849,29.55775721,2015-05-28,0.7693,0.024,0.2517,-0.0869,0.0284,0.0945,0.0384,0.25284163,300.475,0.38
178,-79.53632994,29.58989813,2015-05-29,0.6605,0.0251,1.0708,0.1435,0.0312,0.1012,0.0306,1.071094137,300.568,0.38
179,-79.47776862,29.62575735,2015-05-30,0.7891,0.0567,0.2468,-0.0918,0.0301,0.1143,0.0712,0.253229402,300.571,0.38
180,-79.32667114,29.66223592,2015-05-31,0.7957,0.0514,0.2366,-0.1021,0.0309,0.1209,0.0658,0.242118814,300.712,0.38
181,-79.2587568,29.59841346,2015-06-01,0.8009,0.0644,0.1862,-0.1524,0.0318,0.1261,0.0788,0.197022334,300.524,0.37
182,-79.3482846,29.68610535,2015-06-02,0.8111,0.0329,0.1995,-0.1391,0.0316,0.1364,0.0473,0.202194609,300.642,0.39
183,-79.43229482,29.90027645,2015-06-03,0.8134,0.0442,0.2491,-0.1282,0.0302,0.1339,0.0081,0.252991008,300.924,0.39
184,-79.3388739,30.05224621,2015-06-04,0.81,0.094,0.3838,-0.0725,0.0291,0.1365,-0.0102,0.395143569,300.866,0.39
185,-78.96030338,30.10704701,2015-06-05,0.8141,-0.2206,-0.0792,-0.017,0.0241,0.0989,-0.2103,0.234386433,300.486,0.38
186,-78.63981867,30.65338692,2015-06-06,0.9019,-0.1598,0.148,0.1844,0.0203,0.1742,-0.1463,0.217807346,300.244,0.39
187,-78.54709571,30.97398176,2015-06-07,0.9134,-0.0714,0.2298,0.1975,0.0201,0.1798,-0.1054,0.240636656,300.506,0.37
188,-78.14429652,31.11427811,2015-06-08,0.8826,0.196,-0.18,-0.1203,0.0496,0.1686,0.187,0.266112758,300.379,0.37
189,-78.2798669,31.13707294,2015-06-09,0.8996,0.119,-0.0083,-0.02,0.0388,0.1725,0.0395,0.119289103,301.02,0.37
190,-78.3579608,31.156242,2015-06-10,0.8901,0.0549,0.049,0.0372,0.0412,0.163,-0.0245,0.073586752,301.076,0.38
191,-78.62180469,30.83721508,2015-06-11,0.8259,-0.1257,0.2233,0.191,0.0264,0.0923,-0.1597,0.256248668,300.697,0.39
192,-78.92391462,30.72477774,2015-06-12,0.7587,-0.0375,0.0963,-0.0031,0.0382,0.0367,-0.0751,0.103343795,300.798,0.38
193,-79.02217385,30.78338759,2015-06-13,0.7152,0.1147,0.2969,-0.1464,0.0532,0.0687,-0.152,0.318285564,301.171,0.38
194,-79.00946714,30.75764501,2015-06-14,0.7173,0.0687,0.3385,-0.1048,0.0559,0.0708,-0.1979,0.345401129,301.241,0.38
195,-79.01036269,30.69224736,2015-06-15,0.7026,-0.0696,0.1665,-0.1187,0.0567,0.0185,-0.1969,0.180461658,302.101,0.38
196,-79.09298198,30.78288351,2015-06-16,0.7159,0.0141,0.3513,-0.092,0.0564,0.0694,-0.2526,0.351582849,302.25,0.37
197,-78.95982534,30.71127639,2015-06-17,0.7311,-0.1568,0.0721,-0.0273,0.0365,0.0091,-0.1944,0.172582299,302.333,0.37
198,-79.10057996,30.93470381,2015-06-18,0.6912,0.0483,0.39,-0.0533,0.0528,0.0447,-0.2184,0.392979503,302.357,0.37
199,-79.16970941,30.95521822,2015-06-19,0.6867,0.0606,0.409,-0.0343,0.0496,0.0402,-0.2061,0.413465065,302.418,0.38
200,-78.82356158,30.70189214,2015-06-20,0.7162,-0.1162,0.0166,-0.0828,0.0287,-0.0057,-0.1538,0.117379726,301.906,0.38
201,-78.65012034,30.92096873,2015-06-21,0.7472,-0.1137,0.018,-0.0142,0.0175,0.0136,-0.1477,0.115115985,301.985,0.37
202,-78.61357229,31.15931383,2015-06-22,0.7516,-0.0124,0.0885,-0.0671,0.0168,0.0353,-0.2112,0.089364478,302.218,0.37
203,-78.82574629,31.0717911,2015-06-23,0.7002,0.1386,0.2564,-0.1021,0.0259,0.0325,-0.2055,0.291463411,302.34,0.38
204,-78.87688757,30.8969858,2015-06-24,0.7149,0.1084,0.104,-0.0962,0.0292,0.004,-0.0208,0.150221703,302.621,0.39
205,-78.52192035,30.88226056,2015-06-25,0.7215,0.0573,-0.0596,-0.0918,0.0219,-0.0121,0.0233,0.08267678,302.4,0.39
206,-78.00529988,31.29893829,2015-06-26,0.7259,0.1971,0.1997,0.1412,0.033,0.0323,-0.0227,0.280585994,302.489,0.38
207,-77.21393257,31.80345445,2015-06-27,0.8256,0.1459,0.2962,0.1106,0.0289,0.1816,-0.068,0.330183661,301.995,0.39
208,-76.3369851,31.84077795,2015-06-28,0.9288,0.0362,-0.1839,-0.3025,0.0227,0.2063,0.0159,0.187429053,301.321,0.38
209,-75.98180374,31.49881521,2015-06-29,0.7588,-0.0586,-0.0546,-0.0285,0.0293,0.0397,-0.0091,0.080094444,301.251,0.38
210,-76.06470519,31.3279429,2015-06-30,0.7931,-0.2462,-0.2025,-0.2238,0.0236,0.0694,-0.2009,0.318780003,300.869,0.38
211,-75.60258087,31.26738058,2015-07-01,0.7696,0.1034,0.1182,0.1472,0.0484,0.0579,0.1457,0.157043943,300.716,0.37
212,-74.69159438,31.39671726,2015-07-02,0.8399,0.403,0.0566,0.0894,0.0231,0.168,0.4448,0.406955231,300.637,0.37
213,-73.98331371,31.33889097,2015-07-03,0.8036,0.3502,-0.1841,-0.2087,0.0272,0.1432,0.4009,0.395642326,300.338,0.37
214,-73.59395568,31.23167468,2015-07-04,0.82,0.2058,-0.2646,-0.2966,0.0275,0.1703,0.2706,0.335211575,300.072,0.38
215,-73.29638943,31.23787509,2015-07-05,0.776,0.1314,-0.1997,-0.23,0.0204,0.119,0.2071,0.2390524,300.446,0.38
216,-73.29841024,31.47438355,2015-07-06,0.7427,0.2157,-0.1178,-0.1591,0.0203,0.0677,0.2636,0.245770889,300.52,0.37
217,-73.04951667,31.53920009,2015-07-07,0.6841,0.1931,-0.0892,-0.1045,0.0238,-0.0062,0.2014,0.212706958,300.744,0.37
218,-73.38202063,31.48986474,2015-07-08,0.7389,0.1926,-0.076,-0.1172,0.0208,0.0639,0.2405,0.207052554,300.742,0.38
219,-73.73411858,31.54359219,2015-07-09,0.6978,0.2208,-0.0048,-0.0384,0.0233,0.0158,0.2683,0.220852168,301.263,0.38
220,-73.77892855,31.63145686,2015-07-10,0.6993,0.2596,-0.0539,-0.0908,0.0232,0.0232,0.3175,0.265136512,301.004,0.38
221,-74.21633889,31.64257251,2015-07-11,0.7125,0.3446,-0.1787,-0.1934,0.0207,0.039,0.4027,0.388178889,301.165,0.38
222,-78.36968744,31.21926421,2015-09-10,1.0607,0.1217,0.178,0.1662,0.0298,0.3336,0.0422,0.215626738,302.331,0.38
223,-78.18499451,30.96583978,2015-09-11,1.0401,-0.3074,-0.0994,-0.0002,0.0297,0.332,-0.2439,0.323071385,302.352,0.38
224,-78.35856508,31.23166956,2015-09-12,1.0719,0.0698,0.1872,0.1754,0.0269,0.3448,-0.0097,0.199789589,302.177,0.39
225,-78.6838565,31.71413959,2015-09-13,0.7919,0.908,0.7328,0.2302,0.0227,0.2969,0.0596,1.166816112,302.806,0.38
226,-78.42085849,32.09454621,2015-09-14,0.3747,1.3495,0.4565,0.0297,0.0265,0.2268,0.4699,1.424620125,302.383,0.37
227,-77.25127624,31.9238739,2015-09-15,0.9678,0.6331,0.2006,-0.0958,0.0277,0.3662,0.2315,0.664120448,302.096,0.38
228,-77.82457918,31.38960417,2015-09-16,0.9758,-0.1492,-0.1831,-0.1935,0.0211,0.2902,-0.2839,0.23619113,302.32,0.39
229,-78.41607074,31.18966866,2015-09-17,1.0068,-0.0443,-0.0939,-0.1057,0.023,0.2797,-0.1238,0.103825334,302.131,0.4
230,-78.68865729,31.34255011,2015-09-18,0.946,0.3794,0.2651,-0.0645,0.0248,0.3016,-0.1208,0.462841625,301.386,0.4
231,-78.74917057,31.42840194,2015-09-19,0.936,0.3547,0.2227,-0.1069,0.0254,0.2915,-0.1455,0.418816642,301.299,0.38
232,-78.59035061,31.39073055,2015-09-20,0.9232,0.3546,0.2005,-0.1292,0.0257,0.2787,-0.1456,0.407359068,301.462,0.37
233,-78.46518432,31.29874679,2015-09-21,0.9214,0.2405,0.0371,-0.1368,0.029,0.2381,-0.1098,0.243344735,301.628,0.38
234,-78.53103786,31.19764108,2015-09-22,0.9321,0.0294,0.0422,-0.1134,0.0219,0.2159,-0.1694,0.051431508,301.806,0.39
235,-79.49092434,31.42766114,2015-09-23,0.5785,0.6788,0.8077,-0.224,0.0346,0.3405,-0.1234,1.055058638,302.574,0.39
236,-78.70252725,32.04568089,2015-09-24,0.325,0.7132,0.4747,0.0942,0.0365,0.2421,0.0012,0.856734691,301.841,0.4
237,-78.64974617,32.3748048,2015-09-25,0.227,0.1703,0.2989,0.1409,0.0395,0.258,-0.0824,0.34401061,301.395,0.39
238,-78.23238489,32.29553744,2015-09-26,0.3429,0.5125,0.3427,0.003,0.0334,0.3038,-0.066,0.616522133,301.519,0.39
239,-78.19001063,32.62574956,2015-09-27,0.2858,0.1023,0.0424,-0.1094,0.032,0.314,0.0086,0.110738656,301.701,0.38
240,-77.99464604,32.68072665,2015-09-28,0.2818,0.3639,0.1631,-0.1268,0.0435,0.2804,0.0967,0.398779162,301.704,0.38
241,-76.74450088,32.91400317,2015-09-29,0.7787,0.3245,0.5634,-0.2486,0.0263,0.3504,-0.3253,0.650169063,301.633,0.39
242,-76.22045134,32.67168391,2015-09-30,0.8929,-0.255,0.0097,-0.2045,0.0279,0.1806,-0.4045,0.255184424,301.277,0.38
243,-76.48947033,32.29418113,2015-10-01,0.8136,-0.0543,0.2643,0.0093,0.0235,0.1176,-0.1783,0.269820274,300.96,0.38
244,-76.54495954,32.05357674,2015-10-02,0.7894,0.2579,0.2636,0.0484,0.024,0.1093,0.1484,0.368778212,301.226,0.39
245,-76.94113741,31.71037534,2015-10-03,0.9305,0.1817,0.0833,-0.021,0.0217,0.2372,0.1039,0.199884417,301.162,0.4
246,-77.55431244,31.32229953,2015-10-04,0.9091,0.241,0.0634,0.0184,0.058,0.2247,0.1627,0.249199839,301.326,0.39
247,-78.26394229,30.95529092,2015-10-05,0.9,0.07,0.2704,0.3415,0.0223,0.1729,0.1006,0.27931373,301.699,0.38
248,-78.94948462,30.67629729,2015-10-06,0.9227,0.2983,0.1323,0.033,0.0284,0.2008,0.2607,0.326322203,302.5,0.38
249,-79.49039708,30.55286773,2015-10-07,0.7989,0.46,0.591,-0.0825,0.0439,0.1964,0.1929,0.748919889,302.438,0.38
250,-79.80207427,30.61254574,2015-10-08,0.5181,0.3286,0.7898,-0.4932,0.0289,0.3077,-0.0535,0.855430886,302.43,0.38
251,-79.51622867,30.99299021,2015-10-09,0.5415,0.4655,0.6997,-0.5168,0.0306,0.2079,-0.0947,0.840398917,301.621,0.38
252,-78.64542945,31.4200326,2015-10-10,0.5356,0.9733,0.3785,0.0488,0.0211,-0.1089,0.4731,1.044306057,301.096,0.38
253,-77.15761563,31.70373288,2015-10-11,0.6638,0.0668,0.3,0.2204,0.0236,-0.014,-0.0312,0.3073471,300.965,0.39
254,-76.39527091,31.97361521,2015-10-12,0.7382,-0.1326,-0.0084,-0.1271,0.0212,0.0157,-0.1529,0.132865797,300.383,0.38
255,-76.76125501,31.9088749,2015-10-13,0.6982,-0.151,0.1444,0.0061,0.0239,0.0255,-0.2638,0.208931472,300.749,0.38
256,-78.2383264,32.11726635,2015-10-14,0.2966,-0.0195,0.1328,-0.33,0.0256,0.0805,-0.9832,0.134224029,301.235,0.38
257,-78.9683359,32.37766561,2015-10-15,0.2099,0.1271,0.1185,-0.0143,0.0273,0.2556,0.0184,0.173771862,300.357,0.37
258,-78.42952963,32.43684701,2015-10-16,0.222,0.2064,0.2159,-0.0151,0.0275,0.2268,-0.2119,0.298686742,300.437,0.37
259,-78.46732511,32.1983899,2015-10-17,0.2941,0.5449,0.1608,-0.266,0.0289,0.1462,-0.3347,0.568130839,300.565,0.38
260,-78.3862536,32.25233812,2015-10-18,0.1916,0.2984,0.276,0.045,0.0296,0.1964,-0.12,0.40647086,300.835,0.38
261,-78.02874625,32.56579533,2015-10-19,0.1969,0.0748,0.3404,0.1887,0.031,0.2252,-0.0188,0.348521448,300.006,0.39
262,-77.91679266,32.69240016,2015-10-20,0.2411,0.1724,0.4341,0.1442,0.0307,0.2397,-0.0948,0.467080903,299.893,0.39
263,-78.14291185,32.50847895,2015-10-21,0.1729,0.1027,0.3484,0.1966,0.0281,0.2012,0.0091,0.363221489,300.655,0.38
264,-78.30296303,32.30148595,2015-10-22,0.1559,0.3913,0.3082,0.0773,0.0318,0.1607,-0.027,0.498099317,300.375,0.38
265,-78.05142484,32.56052661,2015-10-23,0.159,0.0886,0.3457,0.1939,0.0249,0.1872,-0.005,0.356873157,300.686,0.37
266,-77.78207118,32.68722519,2015-10-24,0.2234,0.1872,0.4647,0.1748,0.0344,0.222,-0.0799,0.500988952,300.889,0.37
267,-77.87972831,32.56592358,2015-10-25,0.2035,0.2119,0.412,0.122,0.0377,0.2021,-0.0553,0.463298619,300.862,0.38
268,-78.36933856,32.43695128,2015-10-26,0.1262,0.3809,0.2656,0.0346,0.0381,0.131,-0.0375,0.464357804,300.164,0.39
269,-78.69979103,32.07859409,2015-10-27,0.2163,0.6621,0.2785,-0.1019,0.0433,0.1334,-0.0498,0.718288702,299.664,0.39
270,-78.61704601,31.63807209,2015-10-28,0.5978,0.865,0.7975,0.2949,0.0392,0.1027,0.0166,1.176533574,301.234,0.38
271,-78.37313573,31.37772828,2015-10-29,0.8632,0.5194,0.3763,0.2024,0.043,0.1799,0.1692,0.641387597,300.783,0.37
272,-78.10233193,31.41197704,2015-10-30,0.9051,0.4252,0.1889,0.1304,0.0585,0.2115,0.2054,0.465272232,301,0.37
273,-77.76636623,31.54092148,2015-10-31,0.8029,0.8316,0.1938,0.0516,0.069,0.1781,0.4039,0.853883482,301.221,0.37
274,-77.11043721,31.94467467,2015-11-01,0.7495,0.5419,0.3716,0.186,0.0282,0.1055,0.328,0.657070902,301.205,0.38
275,-76.57094564,32.51445542,2015-11-02,0.7575,0.249,0.659,0.0593,0.0232,0.2009,-0.2102,0.704472853,300.677,0.39
276,-77.06449197,32.53534487,2015-11-03,0.321,0.3573,1.2189,0.4438,0.0266,0.036,-0.3802,1.270189159,300.419,0.39
277,-77.42529223,32.59558629,2015-11-04,0.1141,0.2797,0.6368,-0.0091,0.0286,-0.0386,-0.3844,0.695518749,299.002,0.37
278,-77.61617941,32.68463625,2015-11-05,0.0549,0.0998,-0.0119,-0.4704,0.0398,-0.0016,-0.382,0.100506965,299.086,0.37
279,-77.77231894,32.7425343,2015-11-06,0.1034,-0.1071,-0.2182,-0.5081,0.039,0.102,-0.3742,0.243067172,299.399,0.37
280,-77.8261063,32.90631604,2015-11-07,0.1839,-0.5507,-0.3591,-0.4201,0.0294,0.2014,-0.536,0.657436917,299.974,0.37
281,-77.7891994,32.74696167,2015-11-08,0.1087,-0.0419,-0.1415,-0.4315,0.0305,0.1073,-0.309,0.147573236,299.708,0.38
282,-77.79688035,32.64069978,2015-11-09,0.1248,0.0088,-0.0624,-0.3523,0.0284,0.1234,-0.2584,0.063017458,299.688,0.39
283,-77.46734444,32.39036317,2015-11-10,0.333,0.9805,0.4632,-0.2359,0.0231,0.0138,0.197,1.084405132,299.39,0.38
284,-76.59820515,32.95097026,2015-11-11,0.394,0.8911,1.1627,0.3507,0.0247,-0.0343,0.2413,1.464899485,299.767,0.38
285,-76.08710967,33.47517485,2015-11-12,0.5508,0.5445,1.0935,0.3071,0.0279,0.0914,-0.0319,1.221565594,300.754,0.38
286,-75.4096127,33.78381976,2015-11-13,0.862,0.2767,0.2667,-0.2961,0.045,0.2417,-0.1154,0.384306883,300.49,0.38
287,-74.68697107,33.90428483,2015-11-14,0.9054,0.0621,0.0351,-0.0159,0.0304,0.1431,0.0128,0.071333162,298.632,0.37
288,-74.03459905,33.8551619,2015-11-15,0.9009,-0.0648,0.1001,0.1902,0.0227,0.1632,-0.0099,0.119243658,297.555,0.38
289,-73.56791092,33.65399123,2015-11-16,0.8806,-0.222,0.0619,0.1356,0.0508,0.2057,-0.1471,0.230468241,297.751,0.38
290,-73.40232095,33.31760108,2015-11-17,0.8575,-0.1468,0.0718,0.0941,0.0306,0.1998,-0.0997,0.163418114,297.377,0.37
291,-73.65324342,32.86241591,2015-11-18,0.8952,0.1257,-0.2279,-0.153,0.0242,0.2211,0.1136,0.260266978,297.681,0.37
292,-74.43609261,32.30472815,2015-11-19,0.9556,-0.1667,0.183,0.1942,0.0355,0.2485,-0.0871,0.247543713,298.094,0.39
293,-75.71885456,31.68386904,2015-11-20,0.6968,-0.3461,0.2054,0.2374,0.0591,-0.0253,-0.2876,0.402460396,299.123,0.39
294,-77.44859492,31.1579736,2015-11-21,0.6658,-0.2425,-0.2095,-0.252,0.028,-0.0206,-0.2016,0.320462946,298.072,0.4
295,-78.5789603,31.13181905,2015-11-22,0.8387,0,-0.0477,-0.2033,0.0287,0.1224,-0.1988,0.0477,300.022,0.4
296,-78.35010134,31.9042796,2015-11-23,0.5674,0.9108,0.6603,0.181,0.0516,0.1979,-0.0915,1.12496788,300.307,0.4
297,-77.64976947,32.6732118,2015-11-24,0.3703,0.9438,0.6783,0.2198,0.0284,0.3139,0.462,1.16226044,299.279,0.39
298,-77.47858529,33.00831779,2015-11-25,0.1574,0.224,0.3569,0.2214,0.0263,0.1729,0.0902,0.421371107,298.885,0.38
299,-78.2543784,33.00783598,2015-11-26,0.1538,-0.3021,-0.072,-0.1158,0.0318,0.1231,-0.1638,0.310561443,297.783,0.39
300,-78.46170169,33.2665585,2015-11-28,0.2242,-0.2124,-0.1517,-0.1531,0.0327,0.1625,-0.1315,0.261010824,293.995,0.38
301,-76.88533515,33.50932797,2015-11-29,0.2264,0.2994,0.1161,-0.1332,0.048,0.2496,0.1071,0.32112236,299.204,0.39
302,-75.95420186,33.69668625,2015-11-30,0.6329,0.4738,0.6267,-0.1478,0.0215,0.1544,-0.1003,0.785645804,299.646,0.39
303,-75.83719586,33.79375876,2015-12-01,0.5282,0.5194,0.8578,-0.0427,0.0231,0.1997,-0.1622,1.002794695,299.28,0.4
304,-76.08229967,33.66343709,2015-12-02,0.4955,0.5913,0.8583,-0.0341,0.0263,0.1809,-0.0741,1.04226416,299.705,0.4
305,-76.4125385,33.50267761,2015-12-03,0.349,0.5596,0.6505,-0.1067,0.0412,0.1972,-0.0255,0.858080655,299.689,0.4
306,-76.64258706,33.4493597,2015-12-04,0.3963,0.7522,0.3898,-0.3112,0.0363,0.2569,0.2439,0.847200614,299.79,0.39
307,-76.79677146,33.52623628,2015-12-05,0.2502,0.1911,0.0166,-0.2327,0.0319,0.2734,-0.0012,0.191819629,299.976,0.39
308,-77.42949677,33.18390119,2015-12-06,0.2375,0.0603,0.4149,0.2794,0.034,0.253,-0.0734,0.419258989,299.83,0.39
309,-77.79666462,32.5962295,2015-12-07,0.1643,0.3191,0.3865,0.0966,0.0364,0.1629,0.0519,0.501205607,298.923,0.4
310,-77.74924715,32.38383483,2015-12-08,0.4435,0.697,0.8711,0.239,0.0316,0.2449,-0.0781,1.115627272,299.4,0.4
311,-77.50287745,32.40255799,2015-12-09,0.4685,0.6623,0.7942,0.1621,0.0294,0.27,-0.1127,1.03411553,299.835,0.39
312,-77.23726392,32.50684928,2015-12-10,0.6134,0.4581,0.476,-0.2991,0.0228,0.3284,-0.2794,0.660629707,300.193,0.38
313,-77.12591431,32.55325899,2015-12-11,0.6163,0.4426,0.4126,-0.3625,0.0223,0.3314,-0.2948,0.605089679,300.164,0.37
314,-77.28122111,32.39034886,2015-12-12,0.6157,0.1323,0.3755,-0.3235,0.0268,0.2964,-0.6512,0.398125031,300.014,0.38
315,-77.32151601,32.25717967,2015-12-13,0.6127,0.0341,0.3697,-0.3293,0.0286,0.2934,-0.7494,0.371269309,298.7,0.38
316,-77.22794827,32.23885716,2015-12-14,0.6096,-0.2222,0.209,-0.1992,0.0241,0.0367,-0.6562,0.305047275,298.628,0.38
317,-77.07310574,32.31841403,2015-12-15,0.6523,-0.2301,0.2011,-0.4562,0.0278,0.2051,-0.8961,0.305593226,300.121,0.38
318,-76.92803864,32.47956524,2015-12-16,0.6955,-0.1272,0.2212,-0.2891,0.0309,0.1387,-0.5771,0.255165201,299.883,0.38
319,-76.86379722,32.70588414,2015-12-17,0.7055,0.1326,0.1942,-0.5562,0.0349,0.2778,-0.5201,0.235151866,299.585,0.38
320,-76.94609244,32.88759383,2015-12-18,0.6028,0.744,0.3827,-0.4414,0.0325,0.3342,0.044,0.836657212,299.227,0.39
321,-77.23022607,32.75909671,2015-12-19,0.5732,0.7835,0.599,-0.0492,0.0388,0.4438,0.2009,0.986241983,299.26,0.38
322,-77.45601473,32.54845412,2015-12-20,0.4757,-0.0317,0.8873,0.2413,0.0509,0.323,-0.6958,0.887866082,299.056,0.38
323,-77.5263809,32.3845355,2015-12-21,0.2722,0.0749,0.6591,0.027,0.0584,0.0736,-0.7002,0.663342159,298.976,0.39
324,-77.34420656,32.36933221,2015-12-22,0.3526,0.062,0.778,0.079,0.0467,0.0334,-0.7215,0.780466527,298.571,0.4
325,-76.81923502,32.59949182,2015-12-23,0.622,0.1888,0.7907,0.0404,0.0341,0.1943,-0.464,0.812927998,298.861,0.4
326,-75.85871286,33.16993527,2015-12-24,0.9031,0.1164,0.4364,0.1052,0.0254,0.2361,-0.148,0.451656861,298.383,0.39
327,-75.33403544,33.41777239,2015-12-25,0.9716,0.1554,0.117,-0.1044,0.026,0.2403,0.0402,0.194520333,299.057,0.39
328,-75.28630007,33.27728599,2015-12-26,0.9754,0.1366,0.1364,-0.0851,0.0252,0.2441,0.0214,0.193040203,299.128,0.38
329,-75.07471511,33.26579486,2015-12-27,1.0027,0.0505,0.105,0.0093,0.0423,0.239,0.0151,0.116512875,299.286,0.38
330,-75.19119072,33.04228492,2015-12-28,1.0063,-0.12,0.0355,-0.0205,0.0389,0.2352,-0.1273,0.125140921,299.263,0.38
331,-75.49444786,32.64250431,2015-12-29,1.0006,0.1092,-0.3644,-0.3745,0.0244,0.2462,0.1159,0.380410305,298.716,0.39
332,-75.79767454,32.18634956,2015-12-30,1.0888,0.1472,0.4333,0.4049,0.0389,0.3439,0.1438,0.457620727,298.552,0.37
333,-76.00880223,31.7017452,2015-12-31,1.044,0.0451,0.3074,0.2583,0.0211,0.3102,0.0792,0.310690795,297.745,0.39
334,-76.17888095,31.20813889,2016-01-01,1.0031,-0.2462,-0.051,-0.0551,0.0224,0.2919,-0.1706,0.251426808,298.022,0.39
335,-76.34058604,30.7198378,2016-01-02,0.8807,-0.3116,-0.1017,-0.0952,0.0308,0.1924,-0.251,0.327776524,298.116,0.4
336,-76.52659286,30.25144377,2016-01-03,0.827,-0.2458,0.03,-0.0117,0.0262,0.1487,-0.1906,0.247623989,297.006,0.4
337,-76.76957675,29.81782417,2016-01-04,0.7499,-0.1245,0.0547,-0.0176,0.0214,0.0841,-0.16,0.135986543,297.44,0.39
338,-77.10221307,29.43406247,2016-01-05,0.7317,-0.0285,-0.0668,-0.1776,0.0221,0.0435,-0.1365,0.072625684,297.52,0.39
339,-77.55717717,29.11538971,2016-01-06,0.7773,0.0111,-0.1582,-0.2308,0.0173,0.0871,-0.0965,0.158588934,297.723,0.39
340,-78.10087131,28.83967031,2016-01-07,0.8878,0.3165,-0.1417,-0.1931,0.021,0.1927,0.2485,0.346772461,298.366,0.38
341,-78.68887308,28.57421048,2016-01-08,0.9111,0.1669,0.2806,0.2868,0.0177,0.2265,0.1412,0.326484257,298.173,0.4
342,-79.27709452,28.30811784,2016-01-09,0.7325,-0.0105,0.3806,-0.1926,0.0194,0.1173,0.081,0.38074481,299.698,0.4
343,-78.32735508,30.55097085,2016-02-03,0.7664,-0.1592,-0.1871,-0.0834,0.022,0.0538,-0.1064,0.245664507,296.438,0.37
344,-78.33163653,30.50375136,2016-02-04,0.7813,-0.165,-0.1841,-0.0805,0.0221,0.0688,-0.1122,0.247220165,296.252,0.38
345,-78.37286593,30.62683366,2016-02-05,0.7904,-0.1747,-0.1811,-0.0774,0.0222,0.0778,-0.1219,0.251629291,297.978,0.38
346,-78.42289267,30.86796566,2016-02-06,0.8338,-0.083,-0.267,-0.1958,0.0273,0.1066,-0.0524,0.27960329,298.272,0.4
347,-78.45780054,31.19303157,2016-02-07,0.8476,0.0298,-0.2712,-0.2829,0.0309,0.1204,-0.0497,0.272832329,297.662,0.41
348,-78.45367331,31.56806768,2016-02-08,0.7192,0.6772,0.1614,-0.1978,0.0324,0.1524,-0.0587,0.69616794,298.335,0.41
349,-78.38659479,31.95950462,2016-02-09,0.507,1.0514,0.4878,0.0085,0.0313,0.1375,0.0491,1.159047367,297.594,0.4
350,-78.23264875,32.33429759,2016-02-10,0.1713,0.6353,0.7242,0.3845,0.0333,0.1322,0.0568,0.963364796,295.725,0.4
351,-77.96791899,32.65993984,2016-02-11,0.1416,0.3481,0.4962,0.2063,0.0456,0.1402,0.081,0.606125441,295.632,0.39
352,-77.5684893,32.90435456,2016-02-12,0.1415,0.1429,0.3909,0.1883,0.0523,0.1509,-0.0005,0.416200937,295.524,0.38
353,-77.03028279,33.04943109,2016-02-13,0.2299,0.6089,0.4019,0.0077,0.036,0.2074,0.2678,0.729577152,296.612,0.37
354,-76.266425,33.02203968,2016-02-14,0.5943,1.0314,1.1009,0.2713,0.0311,0.1541,0.4157,1.508564473,296.93,0.4
355,-75.73167541,32.872176,2016-02-15,0.8351,-0.149,-0.3093,-0.3937,0.0333,0.097,-0.2242,0.343318351,295.285,0.4
356,-75.79715091,32.66741155,2016-02-16,0.8149,-0.2726,-0.0775,-0.16,0.0297,0.0761,-0.3447,0.283402558,295.841,0.39
357,-76.19407649,32.42458311,2016-02-17,0.7452,-0.0604,0.153,0.0217,0.0301,0.0128,-0.1156,0.164490608,295.917,0.39
358,-76.71893376,32.15477616,2016-02-18,0.7127,0.0804,0.1413,-0.0739,0.0229,0.0326,-0.0291,0.162572599,297.334,0.39
359,-77.16312641,31.8742584,2016-02-19,0.6346,-0.1288,0.2257,0.0401,0.0232,-0.0094,-0.3427,0.259865215,296.908,0.4
360,-77.39879658,31.58333491,2016-02-20,0.627,0.0702,0.0487,-0.0673,0.0449,-0.0365,-0.1015,0.085438457,295.087,0.41
361,-77.51453624,31.28769562,2016-02-21,0.6379,0.0009,0.0165,-0.0285,0.0615,-0.0465,-0.0774,0.016524527,295.277,0.4
362,-77.55330075,30.99085448,2016-02-22,0.6652,-0.0731,0.0837,0.0763,0.0429,-0.014,0.0024,0.111127404,295.133,0.41
363,-77.55804543,30.69637023,2016-02-23,0.6917,0.1722,0.0778,0.0632,0.0325,0.0293,0.239,0.188959467,295.243,0.41
364,-77.57172564,30.40784537,2016-02-24,0.7433,0.168,0.0205,-0.0029,0.0237,0.0984,0.2194,0.169246123,295.536,0.41
365,-77.6372967,30.12892357,2016-02-25,0.7528,-0.0406,-0.0528,-0.081,0.0232,0.1201,-0.0132,0.066604805,295.71,0.4
366,-77.78005002,29.8604684,2016-02-26,0.7638,-0.1061,-0.0839,-0.0709,0.0174,0.1229,-0.1117,0.13526426,295.497,0.4
367,-78.00136098,29.58844743,2016-02-27,0.7486,-0.3205,0.0756,0.1263,0.0165,0.0849,-0.3498,0.329295627,295.788,0.38
368,-78.33588805,29.30505129,2016-02-28,0.6397,-0.4102,0.0327,0.0983,0.0238,-0.0399,-0.433,0.411501312,295.434,0.38
369,-78.67713794,28.97112956,2016-02-29,0.6611,0.2855,-0.2676,-0.2445,0.0271,-0.0179,0.2494,0.39130552,295.591,0.38
370,-79.02160588,28.61222595,2016-03-01,0.7554,-0.0344,0.0455,-0.0738,0.02,0.0688,-0.0058,0.057040424,298.261,0.38
371,-79.36661015,28.24808311,2016-03-02,0.695,-0.0509,0.6998,0.0619,0.0201,0.0932,0.0134,0.701648666,298.639,0.38
