,lon,lat,datetime,adt,ugos,vgos,vgosa,err,sla,ugosa,mag
0,-78.98439223,27.18793505,2014-11-15,0.7547,-0.1131,-0.13040000000000002,-0.1345,0.030100000000000002,0.07440000000000001,-0.09190000000000001,0.17261451271547246
1,-78.95282498,27.17238578,2014-11-16,0.761,-0.11610000000000001,-0.1199,-0.124,0.031400000000000004,0.08070000000000001,-0.09480000000000001,0.16689883163162048
2,-78.92459844,27.15675044,2014-11-17,0.7579,-0.1178,-0.1067,-0.11080000000000001,0.033,0.0776,-0.0965,0.15893939096397722
3,-78.91246217,27.14615786,2014-11-18,0.7619,-0.0891,-0.052000000000000005,-0.0562,0.032100000000000004,0.0816,-0.0678,0.10316399565739977
4,-78.92916575,27.14573839,2014-11-19,0.7529,-0.0526,-0.0374,-0.0415,0.0327,0.0726,-0.0313,0.0645408397838144
5,-78.98745872,27.16062035,2014-11-20,0.7529,-0.0468,0.031200000000000002,0.027,0.0333,0.0726,-0.025500000000000002,0.056246599897238236
6,-79.09873853,27.19541617,2014-11-21,0.7732,-0.0292,0.1163,-0.0777,0.0233,0.09770000000000001,-0.0172,0.11990967433864543
7,-79.2743831,27.25507958,2014-11-22,0.7154,0.0014,0.48040000000000005,-0.21180000000000002,0.0184,0.11380000000000001,0.0252,0.48040203996236325
8,-79.39490929,27.30909778,2014-11-23,0.7137,-0.0073,0.44270000000000004,-0.2495,0.0182,0.1121,0.0166,0.44276018339502937
9,-79.48233566,27.35695499,2014-11-24,0.7060000000000001,-0.022000000000000002,0.3936,-0.29860000000000003,0.0179,0.1044,0.0019,0.39421435793233106
10,-79.49109774,27.38322669,2014-11-25,0.7012,-0.0058000000000000005,0.3704,-0.32180000000000003,0.0178,0.09960000000000001,0.0181,0.3704454075838976
11,-79.37329968,27.37008661,2014-11-26,0.6988000000000001,0.0054,0.3461,-0.3461,0.0177,0.09730000000000001,0.0292,0.34614212398955435
12,-79.27108191,27.35650795,2014-11-27,0.6957,0.00030000000000000003,0.35760000000000003,-0.3346,0.0178,0.0941,0.0241,0.35760012583890405
13,-79.25583472,27.35516011,2014-11-28,0.6862,-0.0022,0.333,-0.3592,0.0178,0.08460000000000001,0.0216,0.33300726718796997
14,-79.20201259,27.33428513,2014-11-29,0.7337,0.0494,0.32830000000000004,0.1246,0.0184,0.057300000000000004,0.0539,0.33199585840790247
15,-79.14626861,27.31705843,2014-11-30,0.7329,0.0253,0.3415,0.1378,0.0187,0.056400000000000006,0.0297,0.34243589181042344
16,-79.14639479,27.32614589,2014-12-01,0.7367,0.013800000000000002,0.3511,0.14750000000000002,0.019100000000000002,0.0603,0.0183,0.3513711001206559
17,-79.16867927,27.35942524,2014-12-02,0.7423000000000001,-0.0086,0.3446,0.1409,0.0193,0.0659,-0.0041,0.3447072961223768
18,-79.12635561,27.39681302,2014-12-03,0.7456,-0.029,0.3417,0.138,0.019200000000000002,0.06910000000000001,-0.0245,0.34292840360635046
19,-79.0962681,27.44285587,2014-12-04,0.7476,-0.0558,0.3185,0.1148,0.0187,0.0712,-0.0514,0.3233510321616432
20,-79.0676465,27.48742442,2014-12-05,0.7533000000000001,-0.0632,0.2644,0.0608,0.0177,0.07690000000000001,-0.0587,0.27184848721300625
21,-79.09148322,27.53203726,2014-12-06,0.7664000000000001,-0.0747,0.2585,0.0726,0.0181,0.0911,-0.08080000000000001,0.2690768291770958
22,-79.10839818,27.54111245,2014-12-07,0.7692,-0.1077,0.22840000000000002,0.0426,0.0173,0.09390000000000001,-0.11380000000000001,0.2525190091854473
23,-79.12841103,27.51998387,2014-12-08,0.7727,-0.11900000000000001,0.192,0.0061,0.017,0.0974,-0.12510000000000002,0.22588713996153034
24,-79.11024439,27.44240919,2014-12-09,0.7426,-0.14550000000000002,0.0644,-0.13920000000000002,0.0152,0.06620000000000001,-0.14100000000000001,0.159115084137237
25,-79.04644587,27.33961317,2014-12-10,0.7448,-0.13870000000000002,0.0253,-0.17830000000000001,0.0158,0.0684,-0.1342,0.14098858109790313
26,-78.9880761,27.23199387,2014-12-11,0.7003,-0.154,0.0562,0.0521,0.024,0.02,-0.1328,0.16393425511466478
27,-79.00477093,27.1461908,2014-12-12,0.7156,-0.0883,-0.10020000000000001,-0.2942,0.016800000000000002,0.040100000000000004,-0.07640000000000001,0.13355496995619445
28,-79.14968962,27.10030801,2014-12-13,0.7103,-0.0881,-0.0859,-0.27990000000000004,0.0175,0.0349,-0.0761,0.12304641400707296
29,-79.30318806,27.06342431,2014-12-14,0.6912,-0.049,0.3088,-0.3977,0.014,0.0907,-0.039400000000000004,0.31266346124867234
30,-79.39392334,27.02123244,2014-12-15,0.6778000000000001,-0.0483,0.31010000000000004,-0.39640000000000003,0.013800000000000002,0.07730000000000001,-0.038700000000000005,0.3138389714487352
31,-79.44723341,26.97685318,2014-12-16,0.6537000000000001,-0.0485,0.3315,-0.3856,0.012700000000000001,0.053700000000000005,-0.0286,0.33502910321343726
32,-79.46986943,26.93067581,2014-12-17,0.6447,-0.0429,0.3563,-0.3608,0.012700000000000001,0.0446,-0.023,0.35887337599771874
33,-79.46745464,26.88302467,2014-12-18,0.6355000000000001,-0.0367,0.3995,-0.3176,0.0129,0.0354,-0.0167,0.40118217806876716
34,-79.44561231,26.8342246,2014-12-19,0.6295000000000001,-0.0369,0.4073,-0.3098,0.013300000000000001,0.029500000000000002,-0.016900000000000002,0.40896809166486325
35,-79.40996567,26.78460098,2014-12-20,0.6296,-0.0354,0.46240000000000003,-0.25470000000000004,0.013800000000000002,0.0296,-0.0154,0.4637530808523001
36,-79.36613799,26.73447973,2014-12-21,0.6267,0.0258,0.5442,-0.1723,0.0148,0.0324,0.060500000000000005,0.5448112333643644
37,-79.32114686,26.68426847,2014-12-22,0.6272,0.0224,0.5574,-0.15910000000000002,0.015000000000000001,0.0329,0.057,0.5578499081294179
38,-78.74513869,26.44818354,2015-01-04,0.6972,0.24600000000000002,0.12810000000000002,0.1182,0.021400000000000002,0.0714,0.2223,0.27735466464438635
39,-78.88391492,26.54045323,2015-01-05,0.6792,0.1468,-0.040100000000000004,-0.0211,0.0212,0.018000000000000002,0.1824,0.1521783493142175
40,-79.0969167,26.71177262,2015-01-06,0.6916,-0.0014,0.0979,-0.1115,0.014,0.0291,0.0427,0.09791000970278779
41,-79.31543508,26.912771,2015-01-07,0.6526000000000001,-0.025500000000000002,0.6234000000000001,-0.0937,0.0131,0.0526,-0.0055000000000000005,0.6239213171546554
42,-79.48440541,27.10674333,2015-01-08,0.658,-0.0194,0.6702,-0.0363,0.013900000000000001,0.0575,-0.0099,0.6704807230636837
43,-79.54876304,27.25723061,2015-01-09,0.4949,0.0077,1.1700000000000002,-0.111,0.016300000000000002,0.06330000000000001,0.0438,1.1700253373324871
44,-79.45344336,27.32793979,2015-01-10,0.6634,-0.013300000000000001,0.7257,0.0335,0.0165,0.0618,0.0106,0.7258218651983419
45,-79.23382692,27.31249295,2015-01-11,0.7381000000000001,-0.0767,0.1837,-0.02,0.0164,0.061700000000000005,-0.0722,0.19906928442127883
46,-79.19820992,27.28132431,2015-01-12,0.7389,-0.101,0.18510000000000001,-0.018600000000000002,0.0165,0.0625,-0.0966,0.21086253816171333
47,-79.22013838,27.37519474,2015-01-13,0.736,-0.1194,0.22990000000000002,0.0262,0.0165,0.059500000000000004,-0.1149,0.2590566926369593
48,-79.22892019,27.49815518,2015-01-14,0.7355,-0.11800000000000001,0.25070000000000003,0.0471,0.0166,0.059000000000000004,-0.1135,0.2770820997466275
49,-79.20329867,27.57878023,2015-01-15,0.7542,-0.041800000000000004,0.34790000000000004,0.1621,0.0189,0.0789,-0.047900000000000005,0.35040212613510213
50,-79.21535228,27.46383051,2015-01-16,0.7299,-0.1247,0.21630000000000002,0.012700000000000001,0.0171,0.0534,-0.1202,0.24967134397042848
51,-79.1908981,27.30211953,2015-01-17,0.728,-0.0975,0.2147,0.011000000000000001,0.0176,0.0516,-0.093,0.23580148430406456
52,-79.3292941,27.53270521,2015-01-18,0.6634,-0.0339,0.6722,-0.0043,0.0198,0.060000000000000005,-0.0128,0.673054269728675
53,-79.50140182,27.9992581,2015-01-19,0.4889,0.049300000000000004,1.2308000000000001,-0.07050000000000001,0.0158,0.055900000000000005,0.108,1.2317869661593275
54,-79.65564004,28.58281177,2015-01-20,0.4903,-0.10020000000000001,1.1593,-0.048100000000000004,0.0238,0.0077,0.030000000000000002,1.1636221594658638
55,-79.74042753,29.16613563,2015-01-21,0.49710000000000004,0.0047,1.0673000000000001,0.0709,0.0362,-0.0315,0.10640000000000001,1.0673103484928834
56,-79.7041831,29.63446887,2015-01-22,0.5175000000000001,-0.1241,0.9316000000000001,0.0043,0.0482,-0.0419,-0.11860000000000001,0.9398294366532686
57,-79.4953255,29.87496201,2015-01-23,0.6693,-0.029900000000000003,0.41150000000000003,0.0342,0.0509,-0.0102,-0.066,0.4125848518789802
58,-79.06227354,29.7747475,2015-01-24,0.7189,0.0033,0.062200000000000005,0.0313,0.0396,0.0054,0.0189,0.06228747867749987
59,-78.51133059,29.40736283,2015-01-25,0.7064,0.0814,-0.23440000000000003,-0.1622,0.0324,0.031400000000000004,0.08370000000000001,0.24813165860083233
60,-77.98463063,29.3655583,2015-01-26,0.5956,0.2548,-0.17980000000000002,-0.20020000000000002,0.0166,-0.07350000000000001,0.1799,0.31185105419093906
61,-77.43452078,29.013975,2015-01-27,0.7142000000000001,0.5707,0.2459,0.1582,0.0206,0.0165,0.47100000000000003,0.6214219983232007
62,-77.54099891,28.32005733,2015-01-28,0.9461,0.2555,0.19240000000000002,0.08650000000000001,0.0188,0.2169,0.2856,0.3198406009248982
63,-78.15392924,28.04095196,2015-01-29,0.9068,-0.0292,0.32280000000000003,0.26990000000000003,0.018500000000000003,0.2172,0.0727,0.32411800320253736
64,-78.20143842,28.13988424,2015-01-30,0.9093,-0.0004,0.34040000000000004,0.28750000000000003,0.0183,0.2197,0.1015,0.34040023501754524
65,-78.72211363,27.76081795,2015-01-31,0.7473000000000001,-0.1285,0.2691,0.2943,0.022500000000000003,0.0918,-0.0682,0.29820640502846346
66,-79.41163435,27.40042763,2015-02-01,0.6466000000000001,0.0246,0.47100000000000003,-0.2212,0.0166,0.045000000000000005,0.0485,0.47164198286412123
67,-79.58849123,27.58879938,2015-02-02,0.4944,0.0397,1.1758,-0.11380000000000001,0.0134,0.061700000000000005,0.0771,1.1764700293675143
68,-79.51946512,27.90369585,2015-02-03,0.48600000000000004,-0.013900000000000001,1.2554,-0.0459,0.0137,0.053000000000000005,0.0448,1.2554769492109363
69,-79.42829288,28.00121846,2015-02-04,0.6537000000000001,-0.0494,0.6543,0.0164,0.020200000000000003,0.0519,0.0149,0.6561622131759798
70,-79.32525633,28.06844712,2015-02-05,0.658,-0.0378,0.6555000000000001,0.0176,0.0213,0.0562,0.0264,0.6565889810223745
71,-79.26736664,28.11855325,2015-02-06,0.663,-0.026600000000000002,0.6612,0.0233,0.0228,0.061200000000000004,0.0376,0.661734841156184
72,-79.28201161,28.25327873,2015-02-07,0.6667000000000001,0.0307,0.5474,-0.025900000000000003,0.0256,0.051500000000000004,0.1222,0.5482602028234405
73,-79.28092774,28.59131425,2015-02-08,0.6612,0.032600000000000004,0.39780000000000004,-0.1296,0.0287,0.029400000000000003,0.1066,0.399133561605636
74,-79.4827753,29.38113577,2015-02-09,0.6724,0.064,0.13570000000000002,-0.2283,0.028800000000000003,0.0078000000000000005,0.09730000000000001,0.1500349625920572
75,-79.73780807,30.22993786,2015-02-10,0.5453,0.2336,0.5324,-0.45230000000000004,0.0356,-0.005,0.0813,0.5813937736164707
76,-79.46359066,30.59757258,2015-02-11,0.5154,0.2232,0.4576,-0.2159,0.047,-0.08710000000000001,-0.0438,0.509132595695856
77,-79.34417565,30.52494594,2015-02-12,0.5129,0.2528,0.4379,-0.23550000000000001,0.0485,-0.0896,-0.0142,0.5056325246658882
78,-79.3815007,30.42312453,2015-02-13,0.5680000000000001,0.2604,0.3639,-0.1792,0.0444,-0.08070000000000001,0.0917,0.44747220025382584
79,-79.51467022,30.2167782,2015-02-14,0.5459,0.2674,0.5571,-0.42760000000000004,0.041,-0.0044,0.11510000000000001,0.6179507828298303
80,-79.14204198,30.34501555,2015-02-15,0.6079,0.1574,0.22740000000000002,0.0487,0.053700000000000005,-0.09730000000000001,0.06770000000000001,0.27656015620475777
81,-78.12489989,30.67791486,2015-02-16,0.6946,-0.023700000000000002,0.1952,0.2898,0.0244,0.0018000000000000002,0.055,0.19663349155217685
82,-77.82817632,30.41432958,2015-02-17,0.7545000000000001,0.2093,0.21430000000000002,0.2499,0.0267,0.09860000000000001,0.2639,0.2995512977771921
83,-77.41182466,30.31785419,2015-02-18,0.7843,0.037700000000000004,0.1206,0.057,0.0227,0.14300000000000002,0.0927,0.1263552531555376
84,-77.54441516,30.24098301,2015-02-19,0.8103,0.0897,-0.0626,-0.0908,0.023,0.1776,0.117,0.1093839567761196
85,-77.59744867,29.91731843,2015-02-20,0.8239000000000001,-0.024,-0.2184,-0.2602,0.026000000000000002,0.1908,-0.0325,0.21971472413108778
86,-77.45709759,29.72517665,2015-02-21,0.7798,-0.07780000000000001,-0.1857,-0.2575,0.023700000000000002,0.1303,-0.1534,0.20133884374357572
87,-76.86351891,29.95806553,2015-02-22,0.7719,-0.2277,-0.0519,-0.1241,0.0323,0.1061,-0.26330000000000003,0.23353993234562692
88,-77.31863129,29.22144423,2015-02-23,0.7245,-0.2549,-0.2296,-0.3174,0.0182,0.0268,-0.3546,0.3430600093278143
89,-78.19069477,28.17193688,2015-02-24,0.6268,-0.3865,-0.3216,-0.3745,0.0234,-0.06280000000000001,-0.2846,0.5028009645973245
90,-78.6569989,27.66171836,2015-02-25,0.6454000000000001,-0.1442,-0.556,-0.4913,0.0291,-0.006900000000000001,-0.19890000000000002,0.5743950208697844
91,-78.83107333,27.49597827,2015-02-26,0.6901,-0.17800000000000002,-0.25670000000000004,-0.23770000000000002,0.027200000000000002,0.0097,-0.20350000000000001,0.31237619947748907
92,-78.98215129,27.26043048,2015-02-27,0.6902,-0.17550000000000002,-0.22390000000000002,-0.2048,0.026000000000000002,0.0097,-0.20090000000000002,0.28448455142590784
93,-79.3091988,26.66331953,2015-02-28,0.5922000000000001,0.0356,0.7925000000000001,0.076,0.0137,-0.0021000000000000003,0.0703,0.7932991932430035
94,-79.17217886,26.5749304,2015-03-01,0.6668000000000001,0.0838,0.2412,0.0318,0.0184,0.0043,0.1279,0.255342671717831
95,-78.72352452,27.11956003,2015-03-02,0.5899,-0.1388,-0.2722,-0.29450000000000004,0.024,-0.0825,-0.12560000000000002,0.30554587216979384
96,-78.42147926,27.62368974,2015-03-03,0.5385,0.08710000000000001,-0.3447,-0.3271,0.0199,-0.10890000000000001,0.0422,0.35553410525574053
97,-78.32016331,27.95935666,2015-03-04,0.5426,-0.06470000000000001,-0.3584,-0.37160000000000004,0.0207,-0.1135,0.0165,0.36419314930404717
98,-78.4736969,27.99969875,2015-03-05,0.5342,-0.0456,-0.3169,-0.3302,0.021,-0.12190000000000001,0.0356,0.320163973613522
99,-78.90031995,27.65927058,2015-03-06,0.6882,-0.053700000000000005,-0.28290000000000004,-0.2225,0.0167,0.0155,-0.08800000000000001,0.28795155842606585
100,-79.09889623,27.55027093,2015-03-07,0.6958000000000001,-0.0906,0.38170000000000004,0.1958,0.018500000000000003,0.0206,-0.09670000000000001,0.3923050471253206
101,-78.71041414,28.02374971,2015-03-08,0.5865,0.0064,-0.44780000000000003,-0.4539,0.0201,-0.0858,0.0868,0.44784573236774294
102,-78.6148464,27.82085058,2015-03-09,0.5811000000000001,0.0819,-0.558,-0.5328,0.0234,-0.07440000000000001,0.1422,0.5639783772450856
103,-78.39721647,27.63168891,2015-03-10,0.5392,0.32270000000000004,-0.228,-0.21030000000000001,0.0287,-0.1082,0.2778,0.39511933640357316
104,-78.12748733,27.49505371,2015-03-11,0.6179,0.44170000000000004,-0.0296,-0.0019,0.0349,-0.040400000000000005,0.3332,0.4426906933740532
105,-77.9107089,27.3714888,2015-03-12,0.6223000000000001,0.4178,-0.21810000000000002,-0.18530000000000002,0.027700000000000002,-0.031,0.3529,0.4713008062798111
106,-77.83952368,27.22886672,2015-03-13,0.7138,0.3473,-0.30460000000000004,-0.2265,0.0324,0.035,0.20520000000000002,0.4619507008328919
107,-77.95725928,27.04447932,2015-03-14,0.7245,0.3511,-0.3408,-0.2626,0.033,0.045700000000000005,0.20900000000000002,0.4893013897384719
108,-78.3722921,26.83405052,2015-03-15,0.7766000000000001,-0.1177,0.0748,-0.0507,0.0407,0.10310000000000001,-0.1075,0.13945726944121628
109,-78.85350761,26.75908166,2015-03-16,0.7416,-0.0109,0.2374,0.2442,0.0244,0.07,0.0206,0.23765009993686095
110,-79.24138159,26.96435406,2015-03-17,0.7008,0.0589,0.4096,0.2207,0.0193,0.029300000000000003,0.0781,0.4138132066524702
111,-79.37638982,27.59200698,2015-03-18,0.6085,-0.09050000000000001,0.7326,0.056100000000000004,0.0207,0.0051,-0.0694,0.7381686866834708
112,-79.21836156,28.50247979,2015-03-19,0.6933,-0.0748,0.0757,-0.0436,0.0307,0.0067,-0.046200000000000005,0.1064214733970546
113,-79.00443811,29.00141131,2015-03-20,0.7262000000000001,0.0167,0.1595,0.1022,0.0346,0.034300000000000004,0.0159,0.1603718803281922
114,-78.95047076,29.61503188,2015-03-21,0.7098,0.1203,0.0932,0.18150000000000002,0.0391,0.0187,0.1642,0.15217861216347062
115,-78.83529963,29.92834062,2015-03-22,0.6733,0.1199,0.0246,0.10690000000000001,0.0368,-0.0291,0.1632,0.12239758984555212
116,-78.36948533,30.4210599,2015-03-23,0.7403000000000001,-0.316,0.17980000000000002,0.30160000000000003,0.020200000000000003,0.0438,-0.25570000000000004,0.3635712309850712
117,-78.51899842,30.16963397,2015-03-24,0.6426000000000001,0.0025,0.0915,0.2175,0.029400000000000003,-0.0575,0.047400000000000005,0.09153414663392016
118,-79.35644732,29.9016145,2015-03-25,0.6373,0.08410000000000001,0.4188,0.0415,0.0402,-0.042300000000000004,0.048,0.42716068405226626
119,-79.67835963,30.6722648,2015-03-26,0.4587,0.2316,1.0726,-0.0915,0.026000000000000002,0.02,-0.1759,1.0973191513866876
120,-78.79481388,31.3418184,2015-03-27,0.5276000000000001,0.6429,0.5918,0.0388,0.021,-0.0388,-0.0078000000000000005,0.8738121365602564
121,-78.01433276,31.21869852,2015-03-28,0.7511,0.2242,0.0568,0.1165,0.0281,0.0371,0.2152,0.2312831165476633
122,-77.70214084,30.74232954,2015-03-29,0.6667000000000001,0.0417,-0.2074,-0.22210000000000002,0.02,0.0043,0.1085,0.21155058496728388
123,-77.67393695,30.28575309,2015-03-30,0.7161000000000001,0.29000000000000004,-0.012100000000000001,-0.0354,0.0183,0.0711,0.3413,0.29025232126548106
124,-78.03673309,29.6937063,2015-03-31,0.7553000000000001,-0.0867,0.0703,0.12100000000000001,0.0195,0.0915,-0.116,0.11161980111073483
125,-78.39867664,29.2804896,2015-04-01,0.7032,-0.33530000000000004,-0.1952,-0.1297,0.0201,0.023700000000000002,-0.35810000000000003,0.38798083715565135
126,-78.75856923,29.1687095,2015-04-02,0.7278,-0.1015,-0.2571,-0.1961,0.0284,0.045700000000000005,-0.11560000000000001,0.2764103109509484
127,-79.02828515,29.08215375,2015-04-03,0.7565000000000001,-0.0407,0.1395,0.08220000000000001,0.026600000000000002,0.0646,-0.0414,0.14531600049547194
128,-79.05818776,28.97794753,2015-04-04,0.756,-0.0505,0.0397,-0.0434,0.027800000000000002,0.0658,-0.0526,0.06423659393211942
129,-78.95801541,28.75776377,2015-04-05,0.7135,-0.0359,-0.4506,-0.4113,0.0307,0.0274,-0.0616,0.45202784206285346
130,-78.23978696,28.71981885,2015-04-06,0.6225,0.2058,0.7006,0.6245,0.0238,-0.0835,0.1542,0.7302013420968219
131,-77.77445819,28.94154281,2015-04-07,0.7302000000000001,0.3497,0.7729,0.6946,0.020900000000000002,0.0274,0.24710000000000001,0.8483304191174569
132,-77.79866245,29.09323387,2015-04-08,0.6924,0.30560000000000004,0.626,0.5739000000000001,0.019200000000000002,0.006,0.2126,0.6966113407058487
133,-77.99541204,29.11309292,2015-04-09,0.7161000000000001,0.3645,0.5889,0.5368,0.019,0.0297,0.2715,0.6925774036163755
134,-78.35110649,28.90525097,2015-04-10,0.5853,0.0091,0.3612,0.33,0.0228,-0.10200000000000001,-0.0385,0.3613146135987306
135,-78.74791387,28.65599985,2015-04-11,0.5591,-0.020900000000000002,-0.307,-0.3009,0.0281,-0.1255,-0.0465,0.3077105945527388
136,-79.02731253,28.38992417,2015-04-12,0.7478,0.0261,-0.2477,-0.41500000000000004,0.0244,0.07,0.0752,0.24907127493952408
137,-79.23846176,28.07712368,2015-04-13,0.7498,0.0334,-0.1119,-0.31420000000000003,0.024,0.0796,0.0736,0.11677829421600575
138,-79.4000097,27.77600292,2015-04-14,0.6999000000000001,-0.0724,0.7624000000000001,0.09000000000000001,0.022600000000000002,0.0999,-0.0463,0.765829955016125
139,-79.52451931,27.53847467,2015-04-15,0.5041,-0.0584,1.4774,0.18780000000000002,0.0161,0.0713,-0.021,1.4785537934075985
140,-79.62455356,27.41682429,2015-04-16,0.5038,-0.040600000000000004,1.4393,0.1583,0.0187,0.0722,-0.0045000000000000005,1.4398725117176174
141,-79.71267542,27.46327825,2015-04-17,0.5114000000000001,-0.019200000000000002,1.3917000000000002,0.1106,0.0194,0.07980000000000001,0.016900000000000002,1.3918324360353154
142,-79.80144788,27.72933088,2015-04-18,0.2659,-0.0297,1.4475,0.20650000000000002,0.022500000000000003,0.0557,-0.0014,1.4478046622386598
143,-80.06428163,28.07070872,2015-04-19,0.0574,-0.0286,0.7166,0.18150000000000002,0.021400000000000002,0.015700000000000002,0.029500000000000002,0.7171704957679171
144,-79.1388729,29.82159174,2015-04-25,0.7182000000000001,-0.1078,0.0438,0.0129,0.0298,0.0048000000000000004,-0.09230000000000001,0.11635841181453106
145,-77.26263482,30.10343707,2015-04-26,0.6156,0.533,0.4428,0.3597,0.024,-0.0171,0.5627,0.6929363895769943
146,-76.42825246,30.18831707,2015-04-27,0.8059000000000001,0.5672,-0.2487,-0.2676,0.0251,0.12190000000000001,0.5791000000000001,0.6193282893587213
147,-76.45586989,30.16431381,2015-04-28,0.7998000000000001,0.5608000000000001,-0.2167,-0.23570000000000002,0.0252,0.1158,0.5728,0.6012117181160062
148,-76.25901777,30.31838518,2015-04-29,0.6828000000000001,0.4308,-0.29350000000000004,-0.3015,0.0247,-0.0002,0.4687,0.5212781311353853
149,-75.96122326,30.40665339,2015-04-30,0.5384,0.3311,-0.5509000000000001,-0.5309,0.0303,-0.1424,0.3633,0.6427425767754926
150,-76.22809436,29.78543936,2015-05-01,0.8549,0.4731,-0.3966,-0.3488,0.0264,0.1681,0.468,0.6173452599639848
151,-76.37683968,29.43672867,2015-05-02,0.9412,-0.2521,0.0363,0.11040000000000001,0.0291,0.2419,-0.2654,0.2547000196309376
152,-76.6888727,29.4474927,2015-05-03,0.9148000000000001,-0.17800000000000002,0.19260000000000002,0.2286,0.0441,0.2038,-0.2333,0.2622570494762725
153,-76.89267073,29.58431771,2015-05-04,0.8427,0.15460000000000002,0.3342,0.2548,0.043000000000000003,0.1595,0.0636,0.3682265606932775
154,-77.25063945,29.8153908,2015-05-05,0.7210000000000001,0.16,0.14800000000000002,0.0653,0.023100000000000002,0.08610000000000001,0.1434,0.21795412361320446
155,-77.6730957,29.79112544,2015-05-06,0.7238,0.0078000000000000005,-0.0687,-0.1106,0.025400000000000002,0.0907,-0.0007,0.0691413769026912
156,-78.07939785,29.6166796,2015-05-07,0.7611,-0.5145000000000001,-0.2672,-0.2165,0.0188,0.0974,-0.5438000000000001,0.5797465739441675
157,-78.4126732,29.33909131,2015-05-08,0.7224,-0.2726,-0.27240000000000003,-0.2069,0.024900000000000002,0.042800000000000005,-0.2954,0.3853732216955403
158,-78.62671503,29.0179921,2015-05-09,0.7385,0.1521,-0.1865,-0.1379,0.0324,0.06280000000000001,0.1331,0.2406588041190266
159,-79.02761842,29.29210176,2015-05-10,0.7618,-0.0731,0.0806,0.0613,0.024800000000000003,0.0641,-0.059500000000000004,0.10881162621705458
160,-79.38417445,29.72865562,2015-05-11,0.7358,-0.0366,0.3768,0.0381,0.0454,0.0611,-0.0221,0.3785733746580707
161,-79.60635874,30.28473222,2015-05-12,0.5677,0.24400000000000002,0.9144,-0.1466,0.062,0.057300000000000004,-0.0193,0.946394928135184
162,-79.49511577,30.40804496,2015-05-13,0.7035,0.1976,0.4348,-0.10830000000000001,0.056600000000000004,0.0548,0.028800000000000003,0.4775948073419559
163,-79.47292959,30.60083551,2015-05-14,0.6722,0.23800000000000002,0.5691,-0.1044,0.0606,0.0697,-0.029,0.6168620672403192
164,-78.35702836,30.49668151,2015-05-15,0.8669,0.25170000000000003,-0.009300000000000001,0.1125,0.021,0.1704,0.3121,0.251871753080809
165,-78.08500046,30.51528373,2015-05-16,0.8136,0.22340000000000002,-0.2134,-0.1188,0.029300000000000003,0.1208,0.30210000000000004,0.3089451731294729
166,-78.13205972,30.27217294,2015-05-17,0.8777,0.1496,-0.1835,-0.09480000000000001,0.0205,0.2049,0.2136,0.23675390176299102
167,-77.98800212,30.24211556,2015-05-18,0.8578,-0.07680000000000001,-0.1252,-0.09530000000000001,0.019200000000000002,0.2162,-0.0475,0.14687845315089618
168,-77.74560021,30.57235346,2015-05-19,0.778,0.37260000000000004,-0.45280000000000004,-0.46740000000000004,0.0298,0.11560000000000001,0.4395,0.5863945770554159
169,-77.49942458,30.75753147,2015-05-20,0.6224000000000001,0.2934,-0.5948,-0.6432,0.023100000000000002,-0.051000000000000004,0.3577,0.6632274119787269
170,-76.94267251,30.61693481,2015-05-21,0.7006,0.6917,0.1632,0.08360000000000001,0.0263,0.0246,0.7534000000000001,0.7106920078346174
171,-77.10351933,30.75068845,2015-05-22,0.6007,0.4202,-0.23520000000000002,-0.31620000000000004,0.0238,-0.076,0.4727,0.48154655019011405
172,-77.59981244,30.92946334,2015-05-23,0.8369000000000001,0.2805,-0.45840000000000003,-0.46580000000000005,0.031400000000000004,0.15760000000000002,0.35600000000000004,0.5374112112712202
173,-77.81558699,30.42495169,2015-05-24,0.9869,0.0222,-0.129,-0.09340000000000001,0.0233,0.331,0.0767,0.1308962948291509
174,-78.16216146,29.93738973,2015-05-25,0.897,-0.5024000000000001,0.0034000000000000002,0.0746,0.0145,0.2386,-0.4963,0.5024115046453456
175,-78.6431123,29.67770093,2015-05-26,0.7675000000000001,-0.2589,0.1221,0.2326,0.0352,0.0898,-0.2406,0.28624748033825553
176,-79.10738209,29.56702127,2015-05-27,0.7743,-0.044700000000000004,-0.0752,-0.0704,0.0194,0.0683,-0.012700000000000001,0.08748216961187005
177,-79.43186849,29.55775721,2015-05-28,0.7693,0.024,0.25170000000000003,-0.0869,0.0284,0.0945,0.038400000000000004,0.25284163027476314
178,-79.53632994,29.58989813,2015-05-29,0.6605000000000001,0.0251,1.0708,0.14350000000000002,0.031200000000000002,0.1012,0.030600000000000002,1.0710941368525924
179,-79.47776862,29.62575735,2015-05-30,0.7891,0.0567,0.24680000000000002,-0.0918,0.030100000000000002,0.1143,0.0712,0.2532294019263956
180,-79.32667114,29.66223592,2015-05-31,0.7957000000000001,0.0514,0.2366,-0.10210000000000001,0.0309,0.12090000000000001,0.0658,0.24211881380842754
181,-79.2587568,29.59841346,2015-06-01,0.8009000000000001,0.0644,0.1862,-0.1524,0.0318,0.12610000000000002,0.07880000000000001,0.19702233375939898
182,-79.3482846,29.68610535,2015-06-02,0.8111,0.0329,0.1995,-0.1391,0.0316,0.1364,0.0473,0.20219460922586438
183,-79.43229482,29.90027645,2015-06-03,0.8134,0.0442,0.24910000000000002,-0.1282,0.0302,0.13390000000000002,0.0081,0.25299100774533473
184,-79.3388739,30.05224621,2015-06-04,0.81,0.094,0.38380000000000003,-0.07250000000000001,0.0291,0.1365,-0.0102,0.3951435688455527
185,-78.96030338,30.10704701,2015-06-05,0.8141,-0.22060000000000002,-0.0792,-0.017,0.0241,0.0989,-0.21030000000000001,0.23438643305447526
186,-78.63981867,30.65338692,2015-06-06,0.9019,-0.1598,0.14800000000000002,0.1844,0.020300000000000002,0.17420000000000002,-0.1463,0.21780734606527852
187,-78.54709571,30.97398176,2015-06-07,0.9134,-0.0714,0.2298,0.1975,0.0201,0.17980000000000002,-0.10540000000000001,0.24063665556186573
188,-78.14429652,31.11427811,2015-06-08,0.8826,0.196,-0.18000000000000002,-0.1203,0.049600000000000005,0.1686,0.187,0.26611275805567836
189,-78.2798669,31.13707294,2015-06-09,0.8996000000000001,0.11900000000000001,-0.0083,-0.02,0.0388,0.17250000000000001,0.0395,0.1192891026037165
190,-78.3579608,31.156242,2015-06-10,0.8901,0.054900000000000004,0.049,0.037200000000000004,0.0412,0.163,-0.0245,0.07358675152498581
191,-78.62180469,30.83721508,2015-06-11,0.8259000000000001,-0.1257,0.2233,0.191,0.0264,0.09230000000000001,-0.1597,0.2562486682892225
192,-78.92391462,30.72477774,2015-06-12,0.7587,-0.0375,0.09630000000000001,-0.0031000000000000003,0.038200000000000005,0.0367,-0.0751,0.10334379516932791
193,-79.02217385,30.78338759,2015-06-13,0.7152000000000001,0.11470000000000001,0.2969,-0.1464,0.053200000000000004,0.0687,-0.152,0.3182855636060172
194,-79.00946714,30.75764501,2015-06-14,0.7173,0.0687,0.3385,-0.1048,0.055900000000000005,0.0708,-0.19790000000000002,0.3454011291238059
195,-79.01036269,30.69224736,2015-06-15,0.7026,-0.06960000000000001,0.1665,-0.1187,0.0567,0.018500000000000003,-0.19690000000000002,0.18046165797753275
196,-79.09298198,30.78288351,2015-06-16,0.7159,0.014100000000000001,0.3513,-0.092,0.056400000000000006,0.0694,-0.2526,0.3515828494110599
197,-78.95982534,30.71127639,2015-06-17,0.7311000000000001,-0.1568,0.0721,-0.0273,0.036500000000000005,0.0091,-0.19440000000000002,0.17258229920823281
198,-79.10057996,30.93470381,2015-06-18,0.6912,0.0483,0.39,-0.0533,0.0528,0.044700000000000004,-0.2184,0.3929795032822959
199,-79.16970941,30.95521822,2015-06-19,0.6867000000000001,0.0606,0.40900000000000003,-0.034300000000000004,0.049600000000000005,0.0402,-0.2061,0.41346506502968305
200,-78.82356158,30.70189214,2015-06-20,0.7162000000000001,-0.11620000000000001,0.0166,-0.0828,0.0287,-0.0057,-0.15380000000000002,0.1173797256769669
201,-78.65012034,30.92096873,2015-06-21,0.7472000000000001,-0.11370000000000001,0.018000000000000002,-0.0142,0.0175,0.013600000000000001,-0.1477,0.11511598498905355
202,-78.61357229,31.15931383,2015-06-22,0.7516,-0.012400000000000001,0.08850000000000001,-0.0671,0.016800000000000002,0.035300000000000005,-0.2112,0.08936447840165578
203,-78.82574629,31.0717911,2015-06-23,0.7002,0.1386,0.2564,-0.10210000000000001,0.025900000000000003,0.0325,-0.20550000000000002,0.2914634110827635
204,-78.87688757,30.8969858,2015-06-24,0.7149,0.10840000000000001,0.10400000000000001,-0.09620000000000001,0.0292,0.004,-0.020800000000000003,0.15022170282618955
205,-78.52192035,30.88226056,2015-06-25,0.7215,0.057300000000000004,-0.0596,-0.0918,0.0219,-0.012100000000000001,0.0233,0.08267678029531629
206,-78.00529988,31.29893829,2015-06-26,0.7259,0.1971,0.19970000000000002,0.14120000000000002,0.033,0.0323,-0.0227,0.2805859939483794
207,-77.21393257,31.80345445,2015-06-27,0.8256,0.1459,0.2962,0.1106,0.028900000000000002,0.1816,-0.068,0.3301836610130792
208,-76.3369851,31.84077795,2015-06-28,0.9288000000000001,0.0362,-0.1839,-0.3025,0.0227,0.2063,0.0159,0.18742905324415424
209,-75.98180374,31.49881521,2015-06-29,0.7588,-0.058600000000000006,-0.0546,-0.0285,0.029300000000000003,0.0397,-0.0091,0.08009444425177069
210,-76.06470519,31.3279429,2015-06-30,0.7931,-0.2462,-0.2025,-0.2238,0.0236,0.0694,-0.20090000000000002,0.31878000250956773
211,-75.60258087,31.26738058,2015-07-01,0.7696000000000001,0.1034,0.1182,0.1472,0.048400000000000006,0.0579,0.1457,0.15704394289497445
212,-74.69159438,31.39671726,2015-07-02,0.8399000000000001,0.403,0.056600000000000004,0.08940000000000001,0.023100000000000002,0.168,0.44480000000000003,0.40695523095298825
213,-73.98331371,31.33889097,2015-07-03,0.8036000000000001,0.3502,-0.1841,-0.2087,0.027200000000000002,0.1432,0.40090000000000003,0.395642325844948
214,-73.59395568,31.23167468,2015-07-04,0.8200000000000001,0.2058,-0.2646,-0.29660000000000003,0.0275,0.1703,0.2706,0.3352115749791466
215,-73.29638943,31.23787509,2015-07-05,0.776,0.13140000000000002,-0.19970000000000002,-0.23,0.0204,0.11900000000000001,0.2071,0.23905240011344794
216,-73.29841024,31.47438355,2015-07-06,0.7427,0.2157,-0.1178,-0.15910000000000002,0.020300000000000002,0.06770000000000001,0.2636,0.24577088924443433
217,-73.04951667,31.53920009,2015-07-07,0.6841,0.19310000000000002,-0.0892,-0.10450000000000001,0.0238,-0.006200000000000001,0.20140000000000002,0.21270695804321965
218,-73.38202063,31.48986474,2015-07-08,0.7389,0.19260000000000002,-0.076,-0.11720000000000001,0.020800000000000003,0.0639,0.24050000000000002,0.20705255371523434
219,-73.73411858,31.54359219,2015-07-09,0.6978000000000001,0.22080000000000002,-0.0048000000000000004,-0.038400000000000004,0.0233,0.0158,0.26830000000000004,0.220852167750285
220,-73.77892855,31.63145686,2015-07-10,0.6993,0.2596,-0.0539,-0.0908,0.023200000000000002,0.023200000000000002,0.3175,0.2651365120084369
221,-74.21633889,31.64257251,2015-07-11,0.7125,0.3446,-0.1787,-0.19340000000000002,0.0207,0.039,0.4027,0.38817888917353555
222,-78.36968744,31.21926421,2015-09-10,1.0607,0.1217,0.17800000000000002,0.16620000000000001,0.0298,0.3336,0.0422,0.21562673767415766
223,-78.18499451,30.96583978,2015-09-11,1.0401,-0.3074,-0.0994,-0.0002,0.0297,0.332,-0.2439,0.3230713853005246
224,-78.35856508,31.23166956,2015-09-12,1.0719,0.0698,0.1872,0.1754,0.0269,0.3448,-0.0097,0.19978958931836263
225,-78.6838565,31.71413959,2015-09-13,0.7919,0.908,0.7328,0.23020000000000002,0.0227,0.2969,0.0596,1.1668161123330447
226,-78.42085849,32.09454621,2015-09-14,0.37470000000000003,1.3495000000000001,0.4565,0.0297,0.026500000000000003,0.2268,0.46990000000000004,1.424620124805206
227,-77.25127624,31.9238739,2015-09-15,0.9678,0.6331,0.2006,-0.09580000000000001,0.027700000000000002,0.3662,0.2315,0.6641204484127861
228,-77.82457918,31.38960417,2015-09-16,0.9758,-0.1492,-0.1831,-0.1935,0.0211,0.2902,-0.28390000000000004,0.23619113023142932
229,-78.41607074,31.18966866,2015-09-17,1.0068000000000001,-0.0443,-0.09390000000000001,-0.1057,0.023,0.2797,-0.12380000000000001,0.10382533409529682
230,-78.68865729,31.34255011,2015-09-18,0.9460000000000001,0.3794,0.2651,-0.0645,0.024800000000000003,0.30160000000000003,-0.1208,0.4628416251807955
231,-78.74917057,31.42840194,2015-09-19,0.936,0.3547,0.2227,-0.10690000000000001,0.025400000000000002,0.29150000000000004,-0.14550000000000002,0.4188166424582481
232,-78.59035061,31.39073055,2015-09-20,0.9232,0.3546,0.2005,-0.1292,0.0257,0.2787,-0.1456,0.40735906765407837
233,-78.46518432,31.29874679,2015-09-21,0.9214,0.24050000000000002,0.0371,-0.1368,0.029,0.2381,-0.10980000000000001,0.24334473489270322
234,-78.53103786,31.19764108,2015-09-22,0.9321,0.029400000000000003,0.0422,-0.1134,0.0219,0.2159,-0.1694,0.051431507852677236
235,-79.49092434,31.42766114,2015-09-23,0.5785,0.6788000000000001,0.8077000000000001,-0.224,0.0346,0.3405,-0.12340000000000001,1.055058638180836
236,-78.70252725,32.04568089,2015-09-24,0.325,0.7132000000000001,0.4747,0.0942,0.036500000000000005,0.2421,0.0012000000000000001,0.8567346905547831
237,-78.64974617,32.3748048,2015-09-25,0.227,0.1703,0.2989,0.1409,0.0395,0.258,-0.0824,0.3440106103014848
238,-78.23238489,32.29553744,2015-09-26,0.34290000000000004,0.5125000000000001,0.3427,0.003,0.0334,0.3038,-0.066,0.6165221326116364
239,-78.19001063,32.62574956,2015-09-27,0.2858,0.1023,0.0424,-0.10940000000000001,0.032,0.314,0.0086,0.1107386563039303
240,-77.99464604,32.68072665,2015-09-28,0.2818,0.3639,0.1631,-0.1268,0.043500000000000004,0.28040000000000004,0.09670000000000001,0.3987791619430484
241,-76.74450088,32.91400317,2015-09-29,0.7787000000000001,0.3245,0.5634,-0.24860000000000002,0.0263,0.3504,-0.32530000000000003,0.650169062629098
242,-76.22045134,32.67168391,2015-09-30,0.8929,-0.255,0.0097,-0.20450000000000002,0.0279,0.1806,-0.4045,0.25518442350582454
243,-76.48947033,32.29418113,2015-10-01,0.8136,-0.0543,0.26430000000000003,0.009300000000000001,0.0235,0.11760000000000001,-0.17830000000000001,0.2698202735155385
244,-76.54495954,32.05357674,2015-10-02,0.7894,0.2579,0.2636,0.048400000000000006,0.024,0.10930000000000001,0.1484,0.3687782124800759
245,-76.94113741,31.71037534,2015-10-03,0.9305,0.1817,0.0833,-0.021,0.0217,0.23720000000000002,0.1039,0.1998844166011948
246,-77.55431244,31.32229953,2015-10-04,0.9091,0.24100000000000002,0.0634,0.0184,0.058,0.2247,0.1627,0.24919983948630467
247,-78.26394229,30.95529092,2015-10-05,0.9,0.07,0.27040000000000003,0.3415,0.0223,0.1729,0.10060000000000001,0.2793137304179657
248,-78.94948462,30.67629729,2015-10-06,0.9227000000000001,0.2983,0.1323,0.033,0.0284,0.2008,0.2607,0.32632220273833656
249,-79.49039708,30.55286773,2015-10-07,0.7989,0.46,0.5910000000000001,-0.0825,0.0439,0.19640000000000002,0.19290000000000002,0.7489198889066842
250,-79.80207427,30.61254574,2015-10-08,0.5181,0.3286,0.7898000000000001,-0.4932,0.028900000000000002,0.30770000000000003,-0.053500000000000006,0.8554308855775551
251,-79.51622867,30.99299021,2015-10-09,0.5415,0.4655,0.6997,-0.5168,0.030600000000000002,0.2079,-0.0947,0.8403989171815965
252,-78.64542945,31.4200326,2015-10-10,0.5356000000000001,0.9733,0.3785,0.0488,0.0211,-0.10890000000000001,0.4731,1.0443060566711275
253,-77.15761563,31.70373288,2015-10-11,0.6638000000000001,0.0668,0.3,0.2204,0.0236,-0.014,-0.031200000000000002,0.3073471001978057
254,-76.39527091,31.97361521,2015-10-12,0.7382000000000001,-0.1326,-0.008400000000000001,-0.12710000000000002,0.0212,0.015700000000000002,-0.1529,0.13286579695316625
255,-76.76125501,31.9088749,2015-10-13,0.6982,-0.151,0.1444,0.0061,0.0239,0.025500000000000002,-0.26380000000000003,0.20893147201893736
256,-78.2383264,32.11726635,2015-10-14,0.29660000000000003,-0.0195,0.1328,-0.33,0.0256,0.0805,-0.9832000000000001,0.13422402914530615
257,-78.9683359,32.37766561,2015-10-15,0.2099,0.12710000000000002,0.11850000000000001,-0.0143,0.0273,0.2556,0.0184,0.17377186193397368
258,-78.42952963,32.43684701,2015-10-16,0.222,0.2064,0.2159,-0.0151,0.0275,0.2268,-0.2119,0.29868674225683334
259,-78.46732511,32.1983899,2015-10-17,0.29410000000000003,0.5449,0.1608,-0.266,0.028900000000000002,0.1462,-0.3347,0.5681308388038798
260,-78.3862536,32.25233812,2015-10-18,0.19160000000000002,0.2984,0.276,0.045000000000000005,0.0296,0.19640000000000002,-0.12000000000000001,0.4064708599641554
261,-78.02874625,32.56579533,2015-10-19,0.19690000000000002,0.0748,0.34040000000000004,0.1887,0.031,0.2252,-0.0188,0.34852144840741156
262,-77.91679266,32.69240016,2015-10-20,0.2411,0.1724,0.43410000000000004,0.1442,0.0307,0.23970000000000002,-0.09480000000000001,0.4670809030564192
263,-78.14291185,32.50847895,2015-10-21,0.1729,0.1027,0.34840000000000004,0.1966,0.0281,0.20120000000000002,0.0091,0.3632214889017444
264,-78.30296303,32.30148595,2015-10-22,0.1559,0.39130000000000004,0.30820000000000003,0.07730000000000001,0.0318,0.1607,-0.027,0.4980993174056757
265,-78.05142484,32.56052661,2015-10-23,0.159,0.0886,0.3457,0.19390000000000002,0.024900000000000002,0.1872,-0.005,0.3568731567377967
266,-77.78207118,32.68722519,2015-10-24,0.22340000000000002,0.1872,0.4647,0.1748,0.0344,0.222,-0.0799,0.5009889519739932
267,-77.87972831,32.56592358,2015-10-25,0.20350000000000001,0.2119,0.41200000000000003,0.12200000000000001,0.037700000000000004,0.2021,-0.0553,0.4632986186035957
268,-78.36933856,32.43695128,2015-10-26,0.1262,0.3809,0.2656,0.0346,0.0381,0.131,-0.0375,0.46435780385388165
269,-78.69979103,32.07859409,2015-10-27,0.21630000000000002,0.6621,0.2785,-0.1019,0.043300000000000005,0.13340000000000002,-0.049800000000000004,0.7182887024031493
270,-78.61704601,31.63807209,2015-10-28,0.5978,0.865,0.7975,0.2949,0.0392,0.1027,0.0166,1.1765335736816014
271,-78.37313573,31.37772828,2015-10-29,0.8632000000000001,0.5194,0.3763,0.2024,0.043000000000000003,0.1799,0.16920000000000002,0.6413875973231787
272,-78.10233193,31.41197704,2015-10-30,0.9051,0.4252,0.1889,0.13040000000000002,0.0585,0.21150000000000002,0.2054,0.4652722321394218
273,-77.76636623,31.54092148,2015-10-31,0.8029000000000001,0.8316,0.1938,0.0516,0.069,0.1781,0.40390000000000004,0.8538834815125539
274,-77.11043721,31.94467467,2015-11-01,0.7495,0.5419,0.37160000000000004,0.186,0.028200000000000003,0.10550000000000001,0.328,0.6570709018058859
275,-76.57094564,32.51445542,2015-11-02,0.7575000000000001,0.249,0.659,0.059300000000000005,0.023200000000000002,0.20090000000000002,-0.2102,0.7044728525642419
276,-77.06449197,32.53534487,2015-11-03,0.321,0.3573,1.2189,0.44380000000000003,0.026600000000000002,0.036000000000000004,-0.38020000000000004,1.2701891591412675
277,-77.42529223,32.59558629,2015-11-04,0.11410000000000001,0.2797,0.6368,-0.0091,0.0286,-0.0386,-0.3844,0.6955187488486562
278,-77.61617941,32.68463625,2015-11-05,0.054900000000000004,0.0998,-0.0119,-0.47040000000000004,0.0398,-0.0016,-0.382,0.10050696493278463
279,-77.77231894,32.7425343,2015-11-06,0.1034,-0.1071,-0.2182,-0.5081,0.039,0.10200000000000001,-0.37420000000000003,0.24306717178590778
280,-77.8261063,32.90631604,2015-11-07,0.1839,-0.5507000000000001,-0.35910000000000003,-0.42010000000000003,0.029400000000000003,0.20140000000000002,-0.536,0.6574369171258944
281,-77.7891994,32.74696167,2015-11-08,0.1087,-0.0419,-0.14150000000000001,-0.4315,0.030500000000000003,0.1073,-0.309,0.14757323605586484
282,-77.79688035,32.64069978,2015-11-09,0.12480000000000001,0.0088,-0.062400000000000004,-0.3523,0.0284,0.12340000000000001,-0.2584,0.06301745789858554
283,-77.46734444,32.39036317,2015-11-10,0.333,0.9805,0.4632,-0.2359,0.023100000000000002,0.013800000000000002,0.197,1.0844051318580155
284,-76.59820515,32.95097026,2015-11-11,0.394,0.8911,1.1627,0.3507,0.0247,-0.034300000000000004,0.24130000000000001,1.4648994846063672
285,-76.08710967,33.47517485,2015-11-12,0.5508000000000001,0.5445,1.0935000000000001,0.30710000000000004,0.0279,0.09140000000000001,-0.031900000000000005,1.2215655938180316
286,-75.4096127,33.78381976,2015-11-13,0.862,0.2767,0.2667,-0.29610000000000003,0.045000000000000005,0.2417,-0.1154,0.3843068825821364
287,-74.68697107,33.90428483,2015-11-14,0.9054000000000001,0.0621,0.0351,-0.0159,0.0304,0.1431,0.0128,0.0713331619935637
288,-74.03459905,33.8551619,2015-11-15,0.9009,-0.0648,0.10010000000000001,0.1902,0.0227,0.1632,-0.0099,0.11924365811228704
289,-73.56791092,33.65399123,2015-11-16,0.8806,-0.222,0.061900000000000004,0.1356,0.050800000000000005,0.20570000000000002,-0.1471,0.23046824076214928
290,-73.40232095,33.31760108,2015-11-17,0.8575,-0.1468,0.0718,0.0941,0.030600000000000002,0.1998,-0.09970000000000001,0.16341811405104395
291,-73.65324342,32.86241591,2015-11-18,0.8952,0.1257,-0.22790000000000002,-0.153,0.024200000000000003,0.22110000000000002,0.1136,0.260266978312655
292,-74.43609261,32.30472815,2015-11-19,0.9556,-0.16670000000000001,0.183,0.1942,0.035500000000000004,0.2485,-0.08710000000000001,0.24754371331140687
293,-75.71885456,31.68386904,2015-11-20,0.6968000000000001,-0.3461,0.2054,0.2374,0.0591,-0.0253,-0.2876,0.402460395567067
294,-77.44859492,31.1579736,2015-11-21,0.6658000000000001,-0.24250000000000002,-0.20950000000000002,-0.252,0.028,-0.0206,-0.2016,0.32046294637602024
295,-78.5789603,31.13181905,2015-11-22,0.8387,0.0,-0.0477,-0.2033,0.0287,0.12240000000000001,-0.1988,0.0477
296,-78.35010134,31.9042796,2015-11-23,0.5674,0.9108,0.6603,0.18100000000000002,0.0516,0.19790000000000002,-0.0915,1.1249678795414562
297,-77.64976947,32.6732118,2015-11-24,0.3703,0.9438000000000001,0.6783,0.21980000000000002,0.0284,0.3139,0.462,1.1622604398326566
298,-77.47858529,33.00831779,2015-11-25,0.1574,0.224,0.3569,0.2214,0.0263,0.1729,0.0902,0.42137110722022697
299,-78.2543784,33.00783598,2015-11-26,0.15380000000000002,-0.30210000000000004,-0.07200000000000001,-0.1158,0.0318,0.1231,-0.1638,0.31056144319602846
300,-78.46170169,33.2665585,2015-11-28,0.2242,-0.2124,-0.1517,-0.1531,0.0327,0.1625,-0.1315,0.2610108235303663
301,-76.88533515,33.50932797,2015-11-29,0.22640000000000002,0.2994,0.11610000000000001,-0.1332,0.048,0.24960000000000002,0.1071,0.32112235985679977
302,-75.95420186,33.69668625,2015-11-30,0.6329,0.4738,0.6267,-0.14780000000000001,0.021500000000000002,0.1544,-0.1003,0.7856458044182506
303,-75.83719586,33.79375876,2015-12-01,0.5282,0.5194,0.8578,-0.0427,0.023100000000000002,0.19970000000000002,-0.1622,1.0027946948403745
304,-76.08229967,33.66343709,2015-12-02,0.4955,0.5913,0.8583000000000001,-0.0341,0.0263,0.1809,-0.0741,1.0422641603739429
305,-76.4125385,33.50267761,2015-12-03,0.34900000000000003,0.5596,0.6505000000000001,-0.1067,0.0412,0.19720000000000001,-0.025500000000000002,0.8580806547172591
306,-76.64258706,33.4493597,2015-12-04,0.39630000000000004,0.7522000000000001,0.38980000000000004,-0.31120000000000003,0.0363,0.2569,0.2439,0.8472006137863689
307,-76.79677146,33.52623628,2015-12-05,0.25020000000000003,0.19110000000000002,0.0166,-0.23270000000000002,0.031900000000000005,0.27340000000000003,-0.0012000000000000001,0.1918196288183251
308,-77.42949677,33.18390119,2015-12-06,0.23750000000000002,0.0603,0.41490000000000005,0.27940000000000004,0.034,0.253,-0.0734,0.41925898917017873
309,-77.79666462,32.5962295,2015-12-07,0.1643,0.3191,0.3865,0.0966,0.0364,0.16290000000000002,0.0519,0.501205606512936
310,-77.74924715,32.38383483,2015-12-08,0.4435,0.6970000000000001,0.8711000000000001,0.23900000000000002,0.0316,0.2449,-0.0781,1.1156272719864821
311,-77.50287745,32.40255799,2015-12-09,0.4685,0.6623,0.7942,0.1621,0.029400000000000003,0.27,-0.11270000000000001,1.0341155302963012
312,-77.23726392,32.50684928,2015-12-10,0.6134000000000001,0.4581,0.47600000000000003,-0.29910000000000003,0.0228,0.3284,-0.27940000000000004,0.6606297071733908
313,-77.12591431,32.55325899,2015-12-11,0.6163000000000001,0.44260000000000005,0.4126,-0.36250000000000004,0.0223,0.33140000000000003,-0.2948,0.6050896793038203
314,-77.28122111,32.39034886,2015-12-12,0.6157,0.1323,0.3755,-0.3235,0.0268,0.2964,-0.6512,0.39812503061224375
315,-77.32151601,32.25717967,2015-12-13,0.6127,0.0341,0.36970000000000003,-0.32930000000000004,0.0286,0.2934,-0.7494000000000001,0.3712693092621581
316,-77.22794827,32.23885716,2015-12-14,0.6096,-0.2222,0.20900000000000002,-0.19920000000000002,0.0241,0.0367,-0.6562,0.30504727502470824
317,-77.07310574,32.31841403,2015-12-15,0.6523,-0.2301,0.2011,-0.4562,0.027800000000000002,0.2051,-0.8961,0.30559322636472164
318,-76.92803864,32.47956524,2015-12-16,0.6955,-0.1272,0.2212,-0.2891,0.0309,0.13870000000000002,-0.5771000000000001,0.25516520138921767
319,-76.86379722,32.70588414,2015-12-17,0.7055,0.1326,0.1942,-0.5562,0.0349,0.2778,-0.5201,0.2351518658229188
320,-76.94609244,32.88759383,2015-12-18,0.6028,0.744,0.38270000000000004,-0.4414,0.0325,0.3342,0.044000000000000004,0.8366572117659657
321,-77.23022607,32.75909671,2015-12-19,0.5732,0.7835000000000001,0.599,-0.0492,0.0388,0.44380000000000003,0.20090000000000002,0.9862419834908673
322,-77.45601473,32.54845412,2015-12-20,0.4757,-0.0317,0.8873000000000001,0.24130000000000001,0.0509,0.323,-0.6958000000000001,0.887866082244389
323,-77.5263809,32.3845355,2015-12-21,0.2722,0.07490000000000001,0.6591,0.027,0.0584,0.0736,-0.7002,0.6633421590702645
324,-77.34420656,32.36933221,2015-12-22,0.3526,0.062,0.778,0.079,0.046700000000000005,0.0334,-0.7215,0.7804665271489867
325,-76.81923502,32.59949182,2015-12-23,0.622,0.1888,0.7907000000000001,0.040400000000000005,0.0341,0.1943,-0.464,0.8129279980416471
326,-75.85871286,33.16993527,2015-12-24,0.9031,0.1164,0.4364,0.1052,0.025400000000000002,0.2361,-0.14800000000000002,0.4516568609021676
327,-75.33403544,33.41777239,2015-12-25,0.9716,0.1554,0.117,-0.1044,0.026000000000000002,0.2403,0.0402,0.1945203331274137
328,-75.28630007,33.27728599,2015-12-26,0.9754,0.1366,0.1364,-0.08510000000000001,0.0252,0.2441,0.021400000000000002,0.1930402030666151
329,-75.07471511,33.26579486,2015-12-27,1.0027000000000001,0.0505,0.10500000000000001,0.009300000000000001,0.042300000000000004,0.23900000000000002,0.0151,0.11651287482505958
330,-75.19119072,33.04228492,2015-12-28,1.0063,-0.12000000000000001,0.035500000000000004,-0.0205,0.038900000000000004,0.23520000000000002,-0.1273,0.1251409205655768
331,-75.49444786,32.64250431,2015-12-29,1.0006000000000002,0.1092,-0.3644,-0.3745,0.0244,0.2462,0.1159,0.38041030480259075
332,-75.79767454,32.18634956,2015-12-30,1.0888,0.1472,0.4333,0.40490000000000004,0.038900000000000004,0.34390000000000004,0.1438,0.45762072724036446
333,-76.00880223,31.7017452,2015-12-31,1.044,0.0451,0.3074,0.25830000000000003,0.0211,0.31020000000000003,0.0792,0.3106907948427182
334,-76.17888095,31.20813889,2016-01-01,1.0031,-0.2462,-0.051000000000000004,-0.0551,0.0224,0.2919,-0.1706,0.25142680843537746
335,-76.34058604,30.7198378,2016-01-02,0.8807,-0.3116,-0.1017,-0.0952,0.0308,0.19240000000000002,-0.251,0.32777652447971317
336,-76.52659286,30.25144377,2016-01-03,0.8270000000000001,-0.24580000000000002,0.030000000000000002,-0.0117,0.0262,0.1487,-0.19060000000000002,0.24762398914483227
337,-76.76957675,29.81782417,2016-01-04,0.7499,-0.1245,0.054700000000000006,-0.0176,0.021400000000000002,0.08410000000000001,-0.16,0.1359865434519166
338,-77.10221307,29.43406247,2016-01-05,0.7317,-0.0285,-0.0668,-0.1776,0.0221,0.043500000000000004,-0.1365,0.07262568416200979
339,-77.55717717,29.11538971,2016-01-06,0.7773,0.0111,-0.1582,-0.2308,0.0173,0.08710000000000001,-0.0965,0.15858893404017824
340,-78.10087131,28.83967031,2016-01-07,0.8878,0.3165,-0.14170000000000002,-0.19310000000000002,0.021,0.1927,0.2485,0.3467724614210304
341,-78.68887308,28.57421048,2016-01-08,0.9111,0.16690000000000002,0.2806,0.2868,0.0177,0.2265,0.14120000000000002,0.32648425689457067
342,-79.27709452,28.30811784,2016-01-09,0.7325,-0.0105,0.3806,-0.19260000000000002,0.0194,0.1173,0.081,0.3807448095509642
343,-78.32735508,30.55097085,2016-02-03,0.7664000000000001,-0.1592,-0.18710000000000002,-0.0834,0.022000000000000002,0.0538,-0.10640000000000001,0.2456645070009097
344,-78.33163653,30.50375136,2016-02-04,0.7813,-0.165,-0.1841,-0.0805,0.0221,0.0688,-0.11220000000000001,0.24722016503513625
345,-78.37286593,30.62683366,2016-02-05,0.7904,-0.17470000000000002,-0.1811,-0.07740000000000001,0.0222,0.07780000000000001,-0.12190000000000001,0.2516292908228293
346,-78.42289267,30.86796566,2016-02-06,0.8338,-0.083,-0.267,-0.1958,0.0273,0.1066,-0.0524,0.27960329039551735
347,-78.45780054,31.19303157,2016-02-07,0.8476,0.0298,-0.2712,-0.28290000000000004,0.0309,0.12040000000000001,-0.0497,0.2728323294626207
348,-78.45367331,31.56806768,2016-02-08,0.7192000000000001,0.6772,0.16140000000000002,-0.1978,0.0324,0.1524,-0.0587,0.6961679395088516
349,-78.38659479,31.95950462,2016-02-09,0.507,1.0514000000000001,0.4878,0.0085,0.0313,0.1375,0.049100000000000005,1.1590473674531168
350,-78.23264875,32.33429759,2016-02-10,0.1713,0.6353,0.7242000000000001,0.3845,0.0333,0.1322,0.0568,0.9633647959106665
351,-77.96791899,32.65993984,2016-02-11,0.1416,0.3481,0.49620000000000003,0.2063,0.0456,0.14020000000000002,0.081,0.6061254408123784
352,-77.5684893,32.90435456,2016-02-12,0.14150000000000001,0.1429,0.3909,0.1883,0.0523,0.1509,-0.0005,0.4162009370484406
353,-77.03028279,33.04943109,2016-02-13,0.22990000000000002,0.6089,0.40190000000000003,0.0077,0.036000000000000004,0.2074,0.26780000000000004,0.7295771515062681
354,-76.266425,33.02203968,2016-02-14,0.5943,1.0314,1.1009,0.2713,0.031100000000000003,0.15410000000000001,0.4157,1.5085644732658927
355,-75.73167541,32.872176,2016-02-15,0.8351000000000001,-0.149,-0.3093,-0.3937,0.0333,0.097,-0.2242,0.3433183508057791
356,-75.79715091,32.66741155,2016-02-16,0.8149000000000001,-0.2726,-0.0775,-0.16,0.0297,0.0761,-0.3447,0.2834025582100486
357,-76.19407649,32.42458311,2016-02-17,0.7452000000000001,-0.0604,0.153,0.0217,0.030100000000000002,0.0128,-0.11560000000000001,0.16449060763460022
358,-76.71893376,32.15477616,2016-02-18,0.7127,0.0804,0.1413,-0.07390000000000001,0.0229,0.032600000000000004,-0.0291,0.16257259916726435
359,-77.16312641,31.8742584,2016-02-19,0.6346,-0.1288,0.2257,0.040100000000000004,0.023200000000000002,-0.0094,-0.3427,0.25986521506350174
360,-77.39879658,31.58333491,2016-02-20,0.627,0.0702,0.0487,-0.0673,0.0449,-0.036500000000000005,-0.1015,0.08543845738307779
361,-77.51453624,31.28769562,2016-02-21,0.6379,0.0009000000000000001,0.0165,-0.0285,0.061500000000000006,-0.0465,-0.07740000000000001,0.016524527224704495
362,-77.55330075,30.99085448,2016-02-22,0.6652,-0.0731,0.08370000000000001,0.0763,0.0429,-0.014,0.0024000000000000002,0.11112740436094061
363,-77.55804543,30.69637023,2016-02-23,0.6917,0.17220000000000002,0.07780000000000001,0.0632,0.0325,0.029300000000000003,0.23900000000000002,0.18895946655301504
364,-77.57172564,30.40784537,2016-02-24,0.7433000000000001,0.168,0.0205,-0.0029000000000000002,0.023700000000000002,0.0984,0.2194,0.16924612255528929
365,-77.6372967,30.12892357,2016-02-25,0.7528,-0.040600000000000004,-0.0528,-0.081,0.023200000000000002,0.12010000000000001,-0.0132,0.06660480463149787
366,-77.78005002,29.8604684,2016-02-26,0.7638,-0.1061,-0.0839,-0.0709,0.017400000000000002,0.12290000000000001,-0.11170000000000001,0.13526425987673166
367,-78.00136098,29.58844743,2016-02-27,0.7486,-0.3205,0.0756,0.1263,0.0165,0.0849,-0.3498,0.32929562705872667
368,-78.33588805,29.30505129,2016-02-28,0.6397,-0.4102,0.0327,0.0983,0.0238,-0.039900000000000005,-0.433,0.4115013122700826
369,-78.67713794,28.97112956,2016-02-29,0.6611,0.28550000000000003,-0.2676,-0.24450000000000002,0.027100000000000003,-0.0179,0.2494,0.3913055200223989
370,-79.02160588,28.61222595,2016-03-01,0.7554000000000001,-0.0344,0.0455,-0.0738,0.02,0.0688,-0.0058000000000000005,0.05704042426209679
371,-79.36661015,28.24808311,2016-03-02,0.6950000000000001,-0.0509,0.6998000000000001,0.061900000000000004,0.0201,0.0932,0.0134,0.7016486656439961
